dataset,number,author,title,vertices,edges,faces,eps,variables,taco-taco,taco-tortilla,tortilla-tortilla,transitivity,reduced_trans,components,limited,states,component_assignments
grids,000,Daniel BROWN,2x2 A1,4,4,1,300,0,0,0,0,0,0,1,false,1,|1|
grids,001,Daniel BROWN,2x2 C1,20,40,21,300,64,8,44,0,76,16,1,false,1,|1|
grids,002,Daniel BROWN,2x2 D1,28,52,25,300,132,16,120,0,332,176,5,false,16,|1|2|2|2|2|
grids,003,Daniel BROWN,3x3 A2,16,24,9,300,12,0,4,0,4,0,1,false,1,|1|
grids,004,Daniel BROWN,3x3 A3,36,64,29,300,104,16,88,0,156,48,1,false,1,|1|
grids,005,Daniel BROWN,3x3 A4,24,40,17,300,40,8,16,0,32,0,1,false,1,|1|
grids,006,Daniel BROWN,3x3 A5,68,124,57,300,404,72,380,0,1356,768,5,false,16,|1|2|2|2|2|
grids,007,Daniel BROWN,3x3 A6,48,96,49,300,296,112,156,0,928,412,5,false,16,|1|2|2|2|2|
grids,008,Daniel BROWN,3x3 A7,52,104,53,300,400,64,384,0,1444,880,5,false,16,|1|2|2|2|2|
grids,009,Daniel BROWN,3x3 A8,44,84,41,300,188,44,116,0,404,168,1,false,1,|1|
grids,010,Daniel BROWN,3x3 C1,24,44,21,300,64,8,44,0,76,16,1,false,1,|1|
grids,011,Daniel BROWN,3x3 C2,92,208,117,300,1304,472,736,0,7696,5296,9,false,390625,|1|5|5|5|5|5|5|5|5|
grids,012,Daniel BROWN,3x3 C3,100,200,101,300,848,228,672,0,3304,1920,9,false,6561,|1|3|3|3|3|3|3|3|3|
grids,013,Daniel BROWN,3x3 C4,68,144,77,300,496,144,328,0,1548,788,5,false,81,|1|3|3|3|3|
grids,014,Daniel BROWN,3x3 C5,80,168,89,300,820,228,684,0,3740,2312,1,false,1,|1|
grids,015,Daniel BROWN,3x3 C6,52,112,61,300,332,96,204,0,848,372,5,false,16,|1|2|2|2|2|
grids,016,Daniel BROWN,3x3 C7,68,148,81,300,832,272,492,0,4836,3380,9,false,104976,|1|2|2|2|2|9|9|9|9|
grids,017,Daniel BROWN,3x3 C8,80,176,97,300,792,180,740,0,3268,1984,5,false,16,|1|2|2|2|2|
grids,018,Daniel BROWN,3x3 D1,40,88,49,300,408,160,144,0,1816,1120,5,false,6561,|1|9|9|9|9|
grids,019,Daniel BROWN,3x3 D2,36,68,33,300,176,44,120,0,432,180,5,false,16,|1|2|2|2|2|
grids,020,Daniel BROWN,3x3 D3,44,84,41,300,244,64,132,0,648,320,5,false,16,|1|2|2|2|2|
grids,021,Daniel BROWN,3x3 D4,44,88,45,300,272,64,216,0,772,368,1,false,1,|1|
grids,022,Daniel BROWN,3x3 D5,132,280,149,300,1740,616,1252,0,10728,7352,5,false,81,|1|3|3|3|3|
grids,023,Daniel BROWN,3x3 D6,44,88,45,300,212,60,112,0,456,172,13,false,4096,|1|2|2|2|2|2|2|2|2|2|2|2|2|
grids,024,Daniel BROWN,4x4 A2,16,24,9,300,12,0,4,0,4,0,1,false,1,|1|
grids,025,Daniel BROWN,4x4 A3,48,84,37,300,261,84,222,0,911,461,2,false,32,|1|32|
grids,026,Daniel BROWN,4x4 A4,32,60,29,300,120,16,92,0,196,76,5,false,16,|1|2|2|2|2|
grids,027,Daniel BROWN,4x4 A5,28,48,21,300,64,8,44,0,76,16,1,false,1,|1|
grids,028,Daniel BROWN,4x4 A6,84,156,73,300,772,324,480,0,4616,3024,5,false,256,|1|4|4|4|4|
grids,029,Daniel BROWN,4x4 A7,36,68,33,300,144,28,104,0,272,100,1,false,1,|1|
grids,030,Daniel BROWN,4x4 A8,52,104,53,300,456,76,436,0,1936,1292,1,false,1,|1|
grids,031,Daniel BROWN,4x4 A9,84,168,85,300,784,192,636,0,3620,2360,5,false,16,|1|2|2|2|2|
grids,032,Daniel BROWN,4x4 A10,84,156,73,300,516,136,412,0,1824,1048,1,false,1,|1|
grids,033,Daniel BROWN,4x4 A11,48,88,41,300,292,56,264,0,1008,600,5,false,81,|1|3|3|3|3|
grids,034,Daniel BROWN,4x4 A12,64,120,57,300,476,176,280,0,2088,1224,5,false,81,|1|3|3|3|3|
grids,035,Daniel BROWN,4x4 A13,41,81,41,300,300,104,160,0,1140,644,5,false,256,|1|4|4|4|4|
grids,036,Daniel BROWN,4x4 A14,109,213,105,300,844,196,756,0,3140,1828,5,false,2401,|1|7|7|7|7|
grids,037,Daniel BROWN,4x4 A15,96,164,69,300,684,113,798,0,3660,2584,9,false,1296,|1|3|3|3|3|2|2|2|2|
grids,038,Daniel BROWN,4x4 A16,88,184,97,300,1264,432,868,0,9696,7308,5,false,2401,|1|7|7|7|7|
grids,039,Daniel BROWN,4x4 A17,104,200,97,300,1392,453,1062,0,11696,9020,9,false,1296,|1|3|3|3|3|2|2|2|2|
grids,040,Daniel BROWN,4x4 A18,50,98,49,300,312,76,225,0,952,492,1,false,1,|1|
grids,041,Daniel BROWN,4x4 A19,60,124,65,300,464,176,228,0,1560,752,9,false,4096,|1|2|2|2|2|4|4|4|4|
grids,042,Daniel BROWN,4x4 A20,56,108,53,300,444,60,468,0,1672,1048,9,false,256,|1|2|2|2|2|2|2|2|2|
grids,043,Daniel BROWN,4x4 A21,92,200,109,300,1244,348,948,0,7716,5564,5,false,16,|1|2|2|2|2|
grids,044,Daniel BROWN,4x4 A22,72,152,81,300,760,220,504,0,3920,2680,9,false,38416,|1|2|2|2|2|7|7|7|7|
grids,045,Daniel BROWN,4x4 A23,116,228,113,300,1488,376,1348,0,10788,8160,5,false,20736,|1|12|12|12|12|
grids,046,Daniel BROWN,4x4 A24,52,104,53,300,276,56,228,0,676,304,1,false,1,|1|
grids,047,Daniel BROWN,4x4 A25,36,68,33,300,112,16,80,0,144,32,1,false,1,|1|
grids,048,Daniel BROWN,4x4 A26,60,128,69,300,656,184,508,0,3096,1988,2,false,194,|1|194|
grids,049,Daniel BROWN,4x4 A27,76,160,85,300,920,348,560,0,5600,3824,1,false,1,|1|
grids,050,Daniel BROWN,4x4 A28,88,168,81,300,888,328,676,0,5584,3808,5,false,16,|1|2|2|2|2|
grids,051,Daniel BROWN,4x4 A29,32,64,33,300,208,76,104,0,656,308,5,false,81,|1|3|3|3|3|
grids,052,Daniel BROWN,4x4 A30,68,124,57,300,404,72,380,0,1356,768,5,false,16,|1|2|2|2|2|
grids,053,Daniel BROWN,4x4 A31,128,236,109,300,764,168,724,0,2428,1324,5,false,16,|1|2|2|2|2|
grids,054,Daniel BROWN,4x4 A32,117,217,101,300,1020,252,932,0,4940,3296,5,false,1296,|1|6|6|6|6|
grids,055,Daniel BROWN,4x4 A33,124,268,145,300,1600,508,1124,0,9516,6656,13,false,26873856,|1|2|2|2|2|4|4|4|4|9|9|9|9|
grids,056,Daniel BROWN,4x4 A34,68,148,81,300,824,284,484,0,4816,3340,5,false,4096,|1|8|8|8|8|
grids,057,Daniel BROWN,4x4 A35,124,268,145,300,1600,508,1124,0,9516,6656,13,false,26873856,|1|2|2|2|2|4|4|4|4|9|9|9|9|
grids,058,Daniel BROWN,4x4 A36,36,64,29,300,104,16,88,0,156,48,1,false,1,|1|
grids,059,Daniel BROWN,4x4 A37,24,40,17,300,40,8,16,0,32,0,1,false,1,|1|
grids,060,Daniel BROWN,4x4 A38,164,284,121,300,924,160,996,0,3136,1884,13,false,104976,|1|2|2|2|2|3|3|3|3|3|3|3|3|
grids,061,Daniel BROWN,4x4 A39,124,248,125,300,1024,316,816,0,4200,2412,5,false,16,|1|2|2|2|2|
grids,062,Daniel BROWN,4x4 A40,84,164,81,300,568,136,460,0,1968,1144,5,false,81,|1|3|3|3|3|
grids,063,Daniel BROWN,4x4 A41,88,192,105,300,940,260,720,0,4108,2520,1,false,1,|1|
grids,064,Daniel BROWN,4x4 A42,80,160,81,300,744,288,356,0,3712,2388,1,false,1,|1|
grids,065,Daniel BROWN,4x4 A43,60,116,57,300,388,80,316,0,1148,608,2,false,16,|1|16|
grids,066,Daniel BROWN,4x4 A44,60,116,57,300,388,80,316,0,1148,608,2,false,16,|1|16|
grids,067,Daniel BROWN,4x4 A45,200,384,185,300,1940,480,1900,0,9620,6316,18,false,1048576,|1|2|2|2|2|2|2|2|2|2|2|2|2|2|2|2|2|16|
grids,068,Daniel BROWN,4x4 A46,204,348,145,300,1244,456,1172,0,4984,2960,9,false,20736,|1|2|2|2|2|6|6|6|6|
grids,069,Daniel BROWN,4x4 A47,124,264,141,300,896,236,708,0,2804,1444,9,false,4096,|1|2|2|2|2|4|4|4|4|
grids,070,Daniel BROWN,4x4 A48,92,180,89,300,972,444,364,0,6272,4356,9,false,4096,|1|2|2|2|2|4|4|4|4|
grids,071,Daniel BROWN,4x4 A49,112,216,105,300,684,124,660,0,1804,860,1,false,1,|1|
grids,072,Daniel BROWN,4x4 A50,100,200,101,300,868,184,780,0,3656,2336,13,false,331776,|1|2|2|2|2|3|3|3|3|4|4|4|4|
grids,073,Daniel BROWN,4x4 A51,84,180,97,300,756,224,532,0,3120,1884,5,false,6561,|1|9|9|9|9|
grids,074,Daniel BROWN,4x4 A52,96,204,109,300,1108,240,996,0,5616,3836,5,false,4096,|1|8|8|8|8|
grids,075,Daniel BROWN,4x4 A53,76,156,81,300,648,232,336,0,2464,1376,5,false,38416,|1|14|14|14|14|
grids,076,Daniel BROWN,4x4 A54,44,84,41,300,204,40,140,0,468,220,1,false,1,|1|
grids,077,Daniel BROWN,4x4 A55,52,96,45,300,204,60,116,0,436,164,1,false,1,|1|
grids,078,Daniel BROWN,4x4 A56,204,328,125,300,1160,392,1236,0,5220,3280,9,false,256,|1|2|2|2|2|2|2|2|2|
grids,079,Daniel BROWN,4x4 A57,88,184,97,300,784,224,504,0,3232,2000,5,false,256,|1|4|4|4|4|
grids,080,Daniel BROWN,4x4 A58,204,328,125,300,1160,392,1236,0,5220,3280,9,false,256,|1|2|2|2|2|2|2|2|2|
grids,081,Daniel BROWN,4x4 A59,76,168,93,300,740,252,408,0,2956,1696,5,false,16,|1|2|2|2|2|
grids,082,Daniel BROWN,4x4 A60,60,124,65,300,496,180,336,0,1904,984,1,false,1,|1|
grids,083,Daniel BROWN,4x4 A61,74,114,41,300,300,73,310,0,948,528,5,false,16,|1|2|2|2|2|
grids,084,Daniel BROWN,4x4 A62,84,152,69,300,472,104,440,0,1428,700,5,false,16,|1|2|2|2|2|
grids,085,Daniel BROWN,4x4 A63,88,184,97,300,816,208,628,0,3584,2308,5,false,10000,|1|10|10|10|10|
grids,086,Daniel BROWN,4x4 A64,136,272,137,300,1580,372,1468,0,9220,6636,5,false,81,|1|3|3|3|3|
grids,087,Daniel BROWN,4x4 A65,64,136,73,300,444,112,320,0,1220,568,1,false,1,|1|
grids,088,Daniel BROWN,4x4 A66,40,84,45,300,212,56,120,0,456,176,13,false,4096,|1|2|2|2|2|2|2|2|2|2|2|2|2|
grids,089,Daniel BROWN,4x4 A67,126,250,125,300,1140,372,850,0,5248,3220,5,false,256,|1|4|4|4|4|
grids,090,Daniel BROWN,4x4 A68,192,336,145,300,1352,432,1236,0,6120,3920,13,false,1048576,|1|2|2|2|2|4|4|4|4|4|4|4|4|
grids,091,Daniel BROWN,4x4 A69,104,212,109,300,864,180,776,0,3320,2024,13,false,104976,|1|2|2|2|2|3|3|3|3|3|3|3|3|
grids,092,Daniel BROWN,4x4 A70,180,388,209,300,3132,1104,2320,0,24500,18268,1,false,1,|1|
grids,093,Daniel BROWN,4x4 A71,136,260,125,300,1600,500,1324,0,11256,8352,5,false,625,|1|5|5|5|5|
grids,094,Daniel BROWN,4x4 A72,144,272,129,300,1512,428,1304,0,8948,6368,9,false,331776,|1|4|4|4|4|6|6|6|6|
grids,095,Daniel BROWN,4x4 A73,224,400,177,300,1752,524,1612,0,8520,5568,17,false,65536,|1|2|2|2|2|2|2|2|2|2|2|2|2|2|2|2|2|
grids,096,Daniel BROWN,4x4 A74,112,200,89,300,660,156,548,0,2316,1320,2,false,16,|1|16|
grids,097,Daniel BROWN,4x4 A75,151,271,121,300,1208,416,976,0,6076,3860,5,false,81,|1|3|3|3|3|
grids,098,Daniel BROWN,4x4 A76,101,209,109,300,720,168,588,0,2252,1192,9,false,4096,|1|2|2|2|2|4|4|4|4|
grids,099,Daniel BROWN,4x4 A77,76,164,89,300,916,284,576,0,4716,3180,5,false,1296,|1|6|6|6|6|
grids,100,Daniel BROWN,4x4 A78,124,236,113,300,1268,380,1060,0,7296,5072,9,false,4096,|1|2|2|2|2|4|4|4|4|
grids,101,Daniel BROWN,4x4 A79,196,320,125,300,1176,320,1272,0,5340,3524,9,false,234256,|1|2|2|2|2|11|11|11|11|
grids,102,Daniel BROWN,4x4 A80,144,304,161,300,2328,888,1492,0,18436,13996,13,false,3147870802176,|1|3|3|3|3|12|12|12|12|37|37|37|37|
grids,103,Daniel BROWN,4x4 A81,108,224,117,300,1092,284,920,0,5668,3820,5,false,256,|1|4|4|4|4|
grids,104,Daniel BROWN,4x4 A82,203,359,157,300,1936,794,1560,0,12840,9032,13,false,20736,|1|2|2|2|2|2|2|2|2|3|3|3|3|
grids,105,Daniel BROWN,4x4 A83,104,208,105,300,1020,280,900,0,5236,3484,1,false,1,|1|
grids,106,Daniel BROWN,4x4 A84,124,236,113,300,1880,436,1856,0,15800,12596,5,false,1296,|1|6|6|6|6|
grids,107,Daniel BROWN,4x4 A85,168,308,141,300,2376,748,2184,0,21224,16796,5,false,4096,|1|8|8|8|8|
grids,108,Daniel BROWN,4x4 A86,96,188,93,300,948,276,788,0,5420,3752,9,false,4096,|1|2|2|2|2|4|4|4|4|
grids,109,Daniel BROWN,4x4 A87,148,276,129,300,1616,488,1348,0,11264,8412,1,false,1,|1|
grids,110,Daniel BROWN,4x4 A88,68,148,81,300,712,208,472,0,3216,2048,5,false,28561,|1|13|13|13|13|
grids,111,Daniel BROWN,4x4 A89,152,296,145,300,1784,508,1520,0,12072,8964,5,false,256,|1|4|4|4|4|
grids,112,Daniel BROWN,4x4 A90,140,260,121,300,1596,712,1160,0,11248,7668,9,false,614656,|1|2|2|2|2|14|14|14|14|
grids,113,Daniel BROWN,4x4 A91,172,348,177,300,2176,676,1836,0,13876,9904,9,false,1048576,|1|2|2|2|2|16|16|16|16|
grids,114,Daniel BROWN,4x4 A92,76,152,77,300,632,188,448,0,2784,1740,5,false,256,|1|4|4|4|4|
grids,115,Daniel BROWN,4x4 A93,128,268,141,300,1776,540,1304,0,11764,8620,9,false,194481,|1|3|3|3|3|7|7|7|7|
grids,116,Daniel BROWN,4x4 A94,108,236,129,300,2000,820,1004,0,17864,13844,5,false,707281,|1|29|29|29|29|
grids,117,Daniel BROWN,4x4 A95,56,108,53,300,300,48,256,0,824,436,5,false,16,|1|2|2|2|2|
grids,118,Daniel BROWN,4x4 A96,92,180,89,300,1092,324,836,0,7436,5460,1,false,1,|1|
grids,119,Daniel BROWN,4x4 A97,124,280,157,300,1760,548,1244,0,10400,7292,9,false,1679616,|1|4|4|4|4|9|9|9|9|
grids,120,Daniel BROWN,4x4 A98,96,208,113,300,1080,320,684,0,5376,3604,9,false,20736,|1|4|4|4|4|3|3|3|3|
grids,121,Daniel BROWN,4x4 A99,108,216,109,300,720,172,616,28,2188,1096,5,false,16,|1|2|2|2|2|
grids,122,Daniel BROWN,4x4 A100,24,36,13,300,24,4,8,0,16,0,1,false,1,|1|
grids,123,Daniel BROWN,4x4 A101,140,264,125,300,932,276,708,0,3140,1616,17,false,65536,|1|2|2|2|2|2|2|2|2|2|2|2|2|2|2|2|2|
grids,124,Daniel BROWN,4x4 A102,145,289,145,300,1548,520,1148,0,9068,6188,5,false,256,|1|4|4|4|4|
grids,125,Daniel BROWN,4x4 A103,88,176,89,300,1188,384,860,0,9196,6972,5,false,2401,|1|7|7|7|7|
grids,126,Daniel BROWN,4x4 A104,56,112,57,300,280,48,248,0,672,304,1,false,1,|1|
grids,127,Daniel BROWN,4x4 A105,120,256,137,300,1404,396,1100,0,7316,4920,9,false,256,|1|2|2|2|2|2|2|2|2|
grids,128,Daniel BROWN,4x4 A106,92,172,81,300,556,132,448,0,1944,1124,5,false,1296,|1|6|6|6|6|
grids,129,Daniel BROWN,4x4 A107,188,384,197,300,3520,1136,2972,0,35752,28744,9,false,38416,|1|2|2|2|2|7|7|7|7|
grids,130,Daniel BROWN,4x4 A108,100,200,101,300,868,184,780,0,3656,2336,13,false,331776,|1|2|2|2|2|3|3|3|3|4|4|4|4|
grids,131,Daniel BROWN,4x4 A109,108,232,125,300,1280,412,784,0,7576,5432,5,false,14641,|1|11|11|11|11|
grids,132,Daniel BROWN,4x4 A110,116,240,125,300,1536,528,1104,0,9496,6648,9,false,256,|1|2|2|2|2|2|2|2|2|
grids,133,Daniel BROWN,4x4 A111,92,176,85,300,664,176,620,0,2456,1336,1,false,1,|1|
grids,134,Daniel BROWN,4x4 A113,64,148,85,300,776,212,632,0,3584,2264,1,false,1,|1|
grids,135,Daniel BROWN,4x4 A114,32,60,29,300,120,16,92,0,196,76,5,false,16,|1|2|2|2|2|
grids,136,Daniel BROWN,4x4 A115,100,212,113,300,1096,356,576,0,5552,3752,5,false,6561,|1|9|9|9|9|
grids,137,Daniel BROWN,4x4 A116,64,132,69,300,536,160,348,0,2036,1180,5,false,256,|1|4|4|4|4|
grids,138,Daniel BROWN,4x4 A117,88,168,81,300,504,132,392,0,1416,632,1,false,1,|1|
grids,139,Daniel BROWN,4x4 A118,93,193,101,300,1268,333,1036,0,8272,6100,5,false,16,|1|2|2|2|2|
grids,140,Daniel BROWN,4x4 A119,100,188,89,300,636,164,552,0,2184,1200,5,false,16,|1|2|2|2|2|
grids,141,Daniel BROWN,4x4 A120,96,204,109,300,800,192,644,0,2872,1636,5,false,16,|1|2|2|2|2|
grids,142,Daniel BROWN,4x4 C1,24,44,21,300,64,8,44,0,76,16,1,false,1,|1|
grids,143,Daniel BROWN,4x4 C2,92,208,117,300,1304,472,736,0,7696,5296,9,false,390625,|1|5|5|5|5|5|5|5|5|
grids,144,Daniel BROWN,4x4 C3,76,140,65,300,464,128,360,0,1680,952,5,false,81,|1|3|3|3|3|
grids,145,Daniel BROWN,4x4 C4,128,228,101,300,648,172,620,0,1808,836,5,false,16,|1|2|2|2|2|
grids,146,Daniel BROWN,4x4 C5,52,100,49,300,360,108,248,0,1232,652,5,false,81,|1|3|3|3|3|
grids,147,Daniel BROWN,4x4 C6,124,248,125,300,1248,356,968,0,6728,4572,9,false,256,|1|2|2|2|2|2|2|2|2|
grids,148,Daniel BROWN,4x4 C7,84,168,85,300,720,208,488,0,2932,1760,1,false,1,|1|
grids,149,Daniel BROWN,4x4 C8,120,208,89,300,1132,512,916,0,8224,5744,1,false,1,|1|
grids,150,Daniel BROWN,4x4 C9,248,432,185,300,1900,620,1872,0,9548,6176,17,false,65536,|1|2|2|2|2|2|2|2|2|2|2|2|2|2|2|2|2|
grids,151,Daniel BROWN,4x4 C10,152,264,113,300,1088,260,996,0,4964,3256,9,false,1296,|1|2|2|2|2|3|3|3|3|
grids,152,Daniel BROWN,4x4 C11,93,173,81,300,680,175,596,0,2736,1624,1,false,1,|1|
grids,153,Daniel BROWN,4x4 C12,108,208,101,300,1020,344,808,0,5060,3108,13,false,4096,|1|2|2|2|2|2|2|2|2|2|2|2|2|
grids,154,Daniel BROWN,4x4 C13,88,176,89,300,772,204,668,0,3364,2056,1,false,1,|1|
grids,155,Daniel BROWN,4x4 C14,112,212,101,300,988,264,828,0,4580,2940,5,false,81,|1|3|3|3|3|
instagram,001,Traditional,Sailboat,23,42,20,300,158,42,116,0,724,474,2,false,4,|1|4|
instagram,002,Traditional,Kabuto,19,36,18,300,117,21,88,0,420,258,3,false,9,|1|3|3|
instagram,003,Jason KU,Triangle Bird,134,309,176,300,4024,1256,3472,0,50944,42776,4,false,4428,|1|3|3|492|
instagram,004,Traditional,Crane,58,129,72,300,892,197,712,254,6392,4978,2,false,5,|1|5|
instagram,005,Jason KU,Kitten,150,331,182,300,3519,538,2798,1893,40684,35896,5,false,81,|1|3|3|3|3|
instagram,006,Jason KU,Thirds Pinwheel,12,20,9,300,28,0,28,0,36,12,1,false,1,|1|
instagram,007,Jason KU,Pinwheel Pockets,16,32,17,300,104,16,72,0,296,176,2,false,47,|1|47|
instagram,008,Jason KU,Robot,90,176,87,300,1195,357,1128,0,8904,6563,5,false,16,|1|2|2|2|2|
instagram,009,Jason KU,Unassigned Triangle Pleat,21,30,10,300,45,0,36,0,120,84,2,false,512,|1|512|
instagram,010,Brian CHAN,Beaver,84,189,106,300,2385,584,2430,0,32524,27920,4,false,588,|1|14|14|3|
instagram,011,Jason KU,Bull,228,515,288,300,12184,1874,14762,1235,289552,267704,11,false,26210967552,|1|2|2|2|2|19|6|6|36|36|1848|
instagram,012,Jason KU,4x4 Grid Unassigned,25,40,16,300,120,68,0,0,560,324,2,true,10000,|1|10000|
instagram,013,Jun MITANI (ORIPA Data Set),Medal,146,202,57,300,332,162,490,0,944,520,1,false,1,|1|
instagram,014,Jason KU,HJ Girl,179,370,192,300,2509,350,1906,1580,14000,10854,6,false,12800,|1|4|4|10|10|8|
instagram,015,Jason KU,Iso-Area Half Square,28,50,23,300,114,22,80,0,276,132,1,false,1,|1|
instagram,016,Masashi TANAKA (ORIPA Data Set),enarc-crane final,88,186,99,300,1534,402,1616,0,14508,11495,4,false,52,|1|2|2|13|
instagram,017,Jorge JARAMILLO,Tato Coaster,116,244,129,300,2160,340,2852,0,17440,13528,5,false,16,|1|2|2|2|2|
instagram,018,Hideo KOMATSU,Butterfly Base,73,158,86,300,1167,127,1406,0,8324,6531,4,false,544,|1|2|2|136|
instagram,019,Robert LANG,Rings8,561,1105,545,300,4590,3,8041,0,13511,6303,1,false,1,|1|
instagram,020,Kota IMAI,Taiyaki Fish,1368,2773,1406,300,25865,6405,30180,0,236247,184059,19,false,13369344,|1|2|2|2|2|3|2|2|2|2|2|2|2|2|2|2|4|4|17|
instagram,021,Brian CHAN,Simple Dragon,82,183,102,300,1719,312,1544,501,15812,13136,5,false,24,|1|3|2|2|2|
instagram,022,Boice WONG,Sword Plate Armor 40,1471,3186,1716,300,90061,28747,90467,0,3022525,2822571,43,false,352408203880754212000235520,|1|2|2|2|2|2|2|2|2|2|2|3|3|3|3|3|3|2|2|2|3|3|3|3|3|3|3|3|2|3|3|3|3|2|2|6|6|5|6|8|6456|144|1728|
instagram,023,Yuichi ITAGAKI,Motorcycle,948,2004,1057,300,74319,18621,87296,47,3537313,3378406,46,false,4427218577690292387840,|1|2|2|2|2|2|2|2|2|2|2|2|2|2|2|2|2|2|2|2|2|2|2|2|2|2|2|2|2|2|2|2|2|2|2|2|2|4|4|16|16|20|16|16|384|8|
instagram,024,Hideo KOMATSU,Girl-bp-01,498,1023,526,300,29102,9771,29678,0,876953,809787,5,false,150528,|1|4|4|2|4704|
instagram,025,Robert LANG,Golden Weave,370,670,301,300,3134,89,4990,0,9926,4934,22,false,2097152,|1|2|2|2|2|2|2|2|2|2|2|2|2|2|2|2|2|2|2|2|2|2|
instagram,026,Yohsuke FURUTA (ORIPA Data Set),orihazuru,87,176,90,300,2625,1120,1808,0,49380,43306,2,false,900,|1|900|
instagram,027,Jason KU,8x8 Flippable Pixel Grid,376,780,405,300,4828,676,5932,0,28880,20996,17,false,65536,|1|2|2|2|2|2|2|2|2|2|2|2|2|2|2|2|2|
instagram,028,Brian CHAN,The Universal Symbol,190,388,199,300,3298,626,3862,0,31288,25396,7,false,64,|1|2|2|2|2|2|2|
instagram,029,Kota IMAI,Swallowtail Butterfly v2,473,991,519,300,11364,1817,14479,0,145542,124779,11,false,129600,|1|3|3|2|2|4|4|5|5|3|3|
instagram,030,Masashi TANAKA (ORIPA Data Set),fish base,92,219,128,300,3384,1142,2512,0,51696,44864,5,false,128,|1|4|4|2|4|
instagram,031,Boice WONG,Cat's Eye Tessellation,1028,2148,1121,300,14608,2976,18832,0,95536,68592,17,false,65536,|1|2|2|2|2|2|2|2|2|2|2|2|2|2|2|2|2|
instagram,032,Hideo KOMATSU (ORIPA Data Set),Minotaur,294,696,403,300,11456,3137,10983,0,220005,197298,7,false,160000,|1|2|2|25|25|8|8|
instagram,033,Robert LANG,Hyperbolic Limit,945,1743,799,1000,4557,0,6867,0,8799,2926,1,false,1,|1|
instagram,034,Michelle FUNG,Rabbit Head v4,264,529,266,300,3964,431,5500,0,31361,24648,7,false,6400,|1|2|2|2|2|20|20|
instagram,035,Tomohiro TACHI (ORIPA Data Set),kamehameha,74,135,62,300,1575,605,1290,0,25616,22076,1,false,1,|1|
instagram,036,Jason KU,Checkerboard 26x26,839,1782,944,300,16532,3920,19292,224,154860,122212,25,false,110075314176,|1|2|2|2|2|2|2|2|2|3|3|3|3|3|3|3|3|4|4|4|4|4|4|4|4|
instagram,037,Kota IMAI,Shrimp v2,1529,3242,1714,300,422273,167533,419778,0,67508608,66424080,9,false,995328,|1|3|2|2|2|2|81|16|16|
instagram,038,Traditional (ORIPA Data Set),Yakko,38,75,38,300,190,36,153,0,429,178,1,false,1,|1|
instagram,039,Boice WONG,Ara Ara,359,676,318,300,10382,4232,8493,0,208797,184589,5,false,16,|1|2|2|2|2|
instagram,040,Hideo KOMATSU,Gentle Dragon,137,312,176,300,5576,1516,5444,0,112176,101012,11,false,16384,|1|2|2|2|2|2|2|2|2|8|8|
instagram,041,Robert LANG,5-Fold 2-Layer Weave,220,400,181,1000,1830,1,3032,0,5490,2679,31,false,1073741824,|1|2|2|2|2|2|2|2|2|2|2|2|2|2|2|2|2|2|2|2|2|2|2|2|2|2|2|2|2|2|2|
instagram,042,Yohsuke FURUTA (ORIPA Data Set),katatsumuri (snail),144,283,140,300,3574,1122,4090,17,58384,50132,3,false,4,|1|2|2|
instagram,043,Jason KU,Quad Overlap,34,42,9,300,24,0,0,0,16,16,17,false,65536,|1|2|2|2|2|2|2|2|2|2|2|2|2|2|2|2|2|
instagram,044,Kei MORISUE,Angel,385,835,451,300,12647,1739,17553,0,222499,198839,7,false,473088,|1|2|2|8|8|14|132|
instagram,045,Traditional (ORIPA Data Set),Pig,45,88,44,300,418,120,312,0,2508,1778,7,false,144,|1|2|2|2|2|3|3|
instagram,046,Kota IMAI,Prosopocoilus Inclinatus v3.1,1220,2645,1426,300,170010,47180,200986,0,11964227,11578426,12,false,582266880,|1|3|3|3|3|2|2|9|24|5|16|104|
instagram,047,Masashi TANAKA (ORIPA Data Set),Infinity,90,228,139,300,3014,550,2956,0,34488,29492,1,false,1,|1|
instagram,048,Hideo KOMATSU,Dutch Rabbit,53,106,54,300,714,85,799,0,4427,3368,2,false,25,|1|25|
instagram,049,Robert LANG,Egg13-3 Tessellation,169,325,157,1000,1136,1,1861,0,2957,1312,1,false,1,|1|
instagram,050,Jason KU,Ryu Zin Jr,523,1072,550,300,33097,9739,36783,0,1194665,1120634,11,false,294912,|1|2|2|2|2|2|2|4|3|3|128|
instagram,051,Kei MORISUE,CP PLZ,63,120,58,300,448,81,475,0,1888,1174,4,false,12,|1|2|3|2|
instagram,052,Traditional (ORIPA Data Set),House,14,22,9,300,20,4,8,0,16,2,1,false,1,|1|
instagram,053,Kota IMAI,Leaf Insect v2,729,1592,864,300,40726,11815,41642,0,1288589,1201815,22,false,1202315964973056,|1|2|2|2|2|2|2|3|3|3|3|2|3|4|32|32|4|8|3|12|32|256|
instagram,054,Masashi TANAKA (ORIPA Data Set),Hexagon,70,138,69,300,401,97,276,87,1407,832,3,false,81,|1|9|9|
instagram,055,Hideo KOMATSU,Sheep,87,186,100,300,1762,363,1772,0,17312,14242,2,false,7,|1|7|
instagram,056,Tomohiro TACHI (ORIPA Data Set),Hoodman,37,70,34,300,409,124,340,0,2912,2152,1,false,1,|1|
instagram,057,Brandon WONG,Dragon HP,1665,3326,1662,300,98271,18232,140972,0,3556208,3351738,22,false,3145728,|1|2|2|2|2|2|2|2|2|2|2|2|2|2|2|2|2|2|2|2|2|3|
instagram,058,Jason KU,Color-change Pinwheel 1,33,76,44,300,136,8,120,44,192,64,1,false,1,|1|
instagram,059,Bodo HAAG,Leopard Frog,440,943,504,300,33868,11232,29562,0,1409608,1336155,16,false,56687040,|1|2|2|3|3|3|3|3|3|3|3|3|3|3|20|4|
instagram,060,Jason KU,1-Piece Star Atarbus,113,268,156,300,3404,376,3692,820,34760,29752,2,false,256,|1|256|
instagram,061,Kei MORISUE,koishi,234,510,277,300,6351,752,8531,0,77786,66721,7,false,2846016,|1|3|4|9|9|6|488|
instagram,062,Yohsuke FURUTA (ORIPA Data Set),houou,48,97,50,300,829,396,424,5,9988,8080,1,false,1,|1|
instagram,063,Kota IMAI,Japanese Drone v2,360,751,392,300,20776,6668,22162,0,647884,600148,3,false,9,|1|3|3|
instagram,064,Masashi TANAKA (ORIPA Data Set),Butterfly Base,129,329,201,300,8995,3417,6325,0,244345,224768,3,false,484,|1|22|22|
instagram,065,Hideo KOMATSU,Dolphin,80,171,92,300,1342,279,1496,0,10760,8316,2,false,2,|1|2|
instagram,066,Brandon WONG,Rattlesnake HP,5303,10625,5323,300,141555,29923,197810,0,5129424,4826063,45,true,50665495807918080000,|1|2|2|2|2|2|2|2|2|2|2|2|2|2|2|2|2|2|2|2|2|2|2|2|2|2|2|2|2|2|2|2|2|2|2|2|2|2|2|2|4|4|3|192|10000|
instagram,067,Traditional (ORIPA Data Set),damashi bune,10,17,8,300,28,4,20,0,56,26,1,false,1,|1|
instagram,068,Bodo HAAG,Sarcosuchus,1354,2942,1589,300,118168,29213,107658,34732,5249969,5030515,24,false,20615843020800000,|1|2|2|2|2|2|2|2|2|2|2|4|5|5|4|5|3|2|8|20|20|64|8|1024|
instagram,069,Kei MORISUE,Disappearing Contrails,81,158,78,300,685,90,760,0,3413,2385,3,false,4,|1|2|2|
instagram,070,Jason KU,Pygmy Jerboa,66,135,70,300,891,175,1016,15,6978,5388,3,false,4,|1|2|2|
instagram,071,Kota IMAI,Sailor Suit,102,205,104,300,1142,192,1317,0,5915,4012,13,false,4096,|1|2|2|2|2|2|2|2|2|2|2|2|2|
instagram,072,Masashi TANAKA (ORIPA Data Set),Infinity 2,288,816,529,300,15700,3288,16964,0,234804,205560,1,false,1,|1|
instagram,073,Hideo KOMATSU,Squirrel,47,102,56,300,788,132,926,0,6216,4848,4,false,48,|1|2|2|12|
instagram,074,Koryo MIURA (ORIPA Data Set),Miura-ori,81,152,72,300,764,296,392,0,4088,2638,1,false,1,|1|
instagram,075,Bodo HAAG,Dwarf,1151,2404,1254,300,46004,11112,53325,0,1033952,940597,13,false,8493465600,|1|2|2|4|4|4|4|5|5|6|6|96|96|
instagram,076,Kei MORISUE,Fibonacci Vortex,91,195,105,300,1397,1,1725,320,9572,7897,12,false,4608,|1|3|2|2|2|2|2|2|2|2|2|3|
instagram,077,Jason KU,Lobster 1.8b,720,1571,852,300,52746,13142,65120,104,2026992,1911536,11,false,65536,|1|2|2|2|2|2|2|2|2|16|16|
instagram,078,Kota IMAI,Maple Leaf v1,129,275,147,300,3072,459,3964,0,36198,30678,10,false,2048,|1|2|2|2|2|2|2|2|4|4|
instagram,079,Kota IMAI,Maple Leaf v2,92,211,120,300,2148,436,2247,0,20973,17199,4,false,64800,|1|2|90|360|
instagram,080,Kota IMAI,Maple Leaf v3,107,222,116,300,2119,279,2620,0,20834,17307,13,false,36864,|1|2|2|2|2|2|2|2|2|4|4|3|3|
instagram,081,Hideo KOMATSU,Lion,159,360,202,300,6225,997,7710,0,104972,93608,8,false,46656,|1|2|2|3|2|54|6|6|
instagram,082,Traditional (ORIPA Data Set),4 Birdbase,33,88,56,300,964,308,672,0,9864,8044,3,false,81,|1|9|9|
instagram,083,Kei MORISUE,Cheems Meme,65,142,78,300,1201,109,1510,0,10291,8448,5,false,16,|1|2|2|2|2|
instagram,084,Jason KU,4x4 Checkerboard,52,98,47,300,254,38,238,0,636,302,1,false,1,|1|
instagram,085,Kota IMAI,Flying Grasshopper,1726,3729,2004,300,242350,70598,262220,0,17518532,16979272,18,true,57330892800000000,|1|4|4|3|3|4|4|2|2|4|4|45|3|3|15|10000|80|80|
instagram,086,Mi WU,5x5 Flippable Pixel Grid 1,185,409,225,300,2372,461,2076,330,12074,8483,15,false,3604480,|1|2|2|2|2|2|2|2|2|2|2|4|4|10|22|
instagram,087,Mi WU,5x5 Flippable Pixel Grid 2,185,409,225,300,2440,483,2211,216,12445,8661,16,false,1179648,|1|2|2|2|2|2|2|2|3|3|2|2|4|4|4|4|
instagram,088,Hideo KOMATSU,Papillion,88,195,108,300,2362,561,2482,0,28764,24222,2,false,320,|1|320|
instagram,089,Traditional (ORIPA Data Set),9 Birdbase,85,232,148,300,5870,2357,3616,0,143748,131076,3,false,225,|1|15|15|
instagram,090,Kei MORISUE,Man,216,484,269,300,7742,1395,8618,929,128703,114919,9,false,1536,|1|2|2|2|2|3|4|4|2|
instagram,091,Jason KU,4 Stripes 1,34,67,34,300,288,84,220,0,1397,891,4,false,8,|1|2|2|2|
instagram,092,Jason KU,4 Stripes 2,88,169,82,300,389,55,191,252,848,473,3,false,14,|1|2|7|
instagram,093,Jason KU,4 Stripes 3,72,139,68,300,326,50,175,169,689,355,3,false,14,|1|2|7|
instagram,094,Jason KU,4 Stripes 4,104,209,106,300,849,147,647,336,4163,3003,3,false,10,|1|2|5|
instagram,095,Kota IMAI,Mantis v2.8,1317,2844,1528,300,115938,30462,139720,0,5409098,5151535,30,false,68534517899345316265775333376,|1|2|3|3|2|3|3|3|3|2|2|3|3|3|3|3|3|9|9|18|18|81|81|32|7|2916|2916|3|32|256|
instagram,096,Hideo KOMATSU,Horned Owl,34,71,38,300,359,71,344,0,1940,1356,1,false,1,|1|
instagram,097,Kei MORISUE,CP THX,104,200,97,300,902,145,1015,0,4372,2929,6,false,32,|1|2|2|2|2|2|
instagram,098,RS Origami,Inside Out,58,134,77,300,544,160,344,0,1932,1070,7,false,3136,|1|2|2|4|4|7|7|
instagram,099,Kyohei KATSUTA,Fox Wedding Bride,118,243,126,300,2767,536,3274,0,33008,27834,4,false,52,|1|2|2|13|
instagram,100,Satoshi KAMIYA,Ryujin 2.1,5325,11097,5773,300,453998,119105,586781,0,31565446,30523575,249,true,145022807077009785772197058860978751779119878255550804082621437002098231214080000000,|1|2|2|2|2|2|2|2|2|2|2|2|2|2|2|2|2|2|2|2|2|2|2|2|2|2|2|2|2|2|4|2|2|2|2|2|2|2|2|2|2|2|2|2|2|2|2|2|2|2|2|2|2|2|2|2|2|2|2|2|2|2|2|2|2|2|2|2|2|2|2|2|2|2|2|2|2|2|2|2|2|2|2|2|2|2|2|2|2|2|2|2|2|2|2|2|2|2|2|2|2|2|2|2|2|2|2|2|2|2|2|2|2|2|2|2|2|2|2|2|2|2|2|2|2|2|2|2|2|2|2|2|2|2|2|2|2|2|2|2|2|2|2|2|2|2|2|2|2|2|2|2|2|2|2|2|2|2|2|2|2|2|2|2|2|2|2|2|2|2|2|2|2|2|2|2|2|2|2|2|2|2|2|2|2|2|2|2|2|2|2|2|2|2|2|2|2|2|2|2|2|2|2|2|2|2|2|2|2|2|2|2|2|2|2|2|2|2|2|2|2|2|2|2|2|2|2|2|2|2|2|2|2|2|2|2|2|2|2|3|3|2|3|5|4|4|4|950|10000|
instagram,101,Jason KU,Turkey 2.1,231,500,270,300,4335,901,3086,1974,43472,37052,4,false,672,|1|2|2|168|
instagram,102,Traditional (ORIPA Data Set),Pinwheel,12,20,9,300,20,0,16,0,16,4,1,false,1,|1|
instagram,103,Avon KOH,Footballer,78,173,96,300,864,158,764,149,5056,3764,1,false,1,|1|
instagram,104,Kota IMAI,Metallifer,924,2006,1083,300,80473,19009,100116,0,3281399,3107963,11,false,331776,|1|2|2|2|2|2|2|3|3|2|288|
instagram,105,Hideo KOMATSU,Rhino,122,259,138,300,3317,539,4140,0,44360,38316,5,false,696,|1|3|2|2|58|
instagram,106,Kei MORISUE,7 Segment Display (off),117,221,105,300,936,182,934,0,5200,3700,3,false,4,|1|2|2|
instagram,107,Kei MORISUE,7 Segment Display (on),121,235,115,300,1084,195,1075,52,5887,4192,3,false,4,|1|2|2|
instagram,108,Ryan WELSH,Titan Beetle,718,1525,808,300,34216,12814,31746,0,842754,762329,21,false,154618822656,|1|2|2|2|2|2|2|2|2|2|2|2|2|4|4|6|6|16|16|16|16|
instagram,109,Tae Yong YOO,Pochita,190,405,216,300,7056,1358,8822,0,129372,115526,7,false,2400,|1|2|2|2|2|10|15|
instagram,110,Kyohei KATSUTA,Fox Wedding Groom,107,236,130,300,4197,648,5292,0,88996,81330,6,false,648,|1|3|3|3|3|8|
instagram,111,Satoshi KAMIYA,Wizard,227,502,276,300,28044,11038,24340,0,1840325,1772563,1,false,1,|1|
instagram,112,Kota IMAI,Cicada v1,1003,2159,1157,300,111796,33128,119538,0,6874837,6626132,14,true,65545216000000,|1|2|2|2|2|4|4|5|5|4|4|253|253|10000|
instagram,113,Hideo KOMATSU,Fox,49,102,54,300,607,180,516,0,3636,2512,4,false,12,|1|2|2|3|
instagram,114,Kei MORISUE,Kirby,47,89,43,300,336,26,363,0,1379,952,3,false,16,|1|4|4|
instagram,115,Masashi TANAKA,Dice 13,154,331,178,300,3508,1020,2907,0,39104,32471,9,false,322560,|1|2|2|2|2|10|2|14|72|
instagram,116,Masashi TANAKA,Dice 8,176,355,180,300,2149,340,2398,0,13938,10482,7,false,1728,|1|2|2|2|3|6|12|
instagram,117,Masashi TANAKA,Dice 15,95,181,87,300,897,103,1087,0,4565,3174,4,false,8,|1|2|2|2|
instagram,118,Kyohei KATSUTA,Fox Wedding Cub,46,97,52,300,586,118,542,0,3456,2520,2,false,28,|1|28|
instagram,119,Satoshi KAMIYA,Wasp,382,807,426,300,27390,6992,34735,0,1040739,979218,6,false,720,|1|2|2|5|6|6|
instagram,120,Kota IMAI,Forest Scorpion,1042,2247,1206,300,113701,32577,132694,0,6486341,6226807,10,false,9216,|1|2|2|3|3|4|4|4|2|2|
instagram,121,Hideo KOMATSU (ORIPA Data Set),rafflesia,60,120,61,300,380,44,432,0,1144,620,9,false,6561,|1|3|3|3|3|3|3|3|3|
instagram,122,Kei MORISUE,jitome,82,160,79,300,604,33,703,33,2257,1494,4,false,176,|1|2|2|44|
instagram,123,Shuki KATO,Bison,336,709,374,300,11703,2108,14656,0,208820,186448,7,false,8642304,|1|2|2|3|88|88|93|
instagram,124,Xiao CHEN,Horse,68,161,94,300,2259,412,2654,0,31020,26882,2,false,3,|1|3|
instagram,125,Daniel BROWN,seamless4x4,82,162,81,300,579,138,500,0,2097,1197,3,false,4,|1|2|2|
instagram,126,Yuchao LUO,Bing Dwen Dwen,599,1248,650,300,14577,753,16626,5816,164004,145038,16,false,4682022912,|1|3|3|2|2|2|3|3|4|4|4|4|12|12|14|14|
instagram,127,Kyohei KATSUTA,Unicorn,134,291,158,300,4915,779,6666,0,84164,74642,5,false,270,|1|5|3|3|6|
instagram,128,Satoshi KAMIYA,Sleipnir,83,194,112,300,1944,340,2000,9,20768,17566,3,false,4,|1|2|2|
instagram,129,Hideo KOMATSU,Shore Crab,223,514,292,300,14411,2978,18016,0,416478,387153,11,false,8294400,|1|2|2|3|3|5|5|8|8|12|12|
instagram,130,Michelle FUNG,Christmas Tree v2,71,136,66,300,655,125,722,0,3388,2276,4,false,48,|1|2|3|8|
instagram,131,Jason KU,Christmas Tree,329,736,408,300,15900,3368,17360,29,352192,322072,13,true,5904900000000,|1|3|3|3|3|3|3|3|3|3|3|10000|10000|
instagram,132,Shuki KATO,Giganotosaurus v4,832,1803,972,300,60650,15726,64930,0,2411596,2285906,28,false,886429710286848000,|1|2|2|2|2|2|2|2|2|3|3|2|2|3|3|2|2|2|5|13|2|2|2|2|16|16|2240|2240|
instagram,133,Instagram @txst_054,himeno,154,299,146,300,1628,131,1998,165,8694,6344,8,false,1248,|1|2|2|3|2|2|2|13|
instagram,134,Instagram @origamiaddict95,Scorpion,445,892,448,300,22010,8074,20399,0,618459,567031,5,false,565504,|1|8|8|94|94|
instagram,135,Xiao CHEN,Lazy Tiger,62,123,62,300,735,223,594,0,5162,3796,1,false,1,|1|
instagram,136,Kyohei KATSUTA,Owl,243,506,264,300,7854,1812,9168,0,134739,118995,3,false,16,|1|4|4|
instagram,137,Satoshi KAMIYA,Deinonychus,139,324,186,300,9441,2153,11164,0,269196,249794,3,false,9,|1|3|3|
instagram,138,Hideo KOMATSU,Cat,74,155,82,300,1385,366,1298,0,14360,11750,5,false,108,|1|3|3|4|3|
instagram,139,Kota IMAI,Red Headed Centipede,1212,2525,1314,300,95943,31599,106935,0,3442393,3213138,5,false,2890,|1|2|5|17|17|
instagram,140,Kota IMAI,Red Headed Centipede 40,733,1708,976,300,38186,8873,44797,0,723617,645488,19,false,54525952,|1|2|2|2|2|2|2|2|2|2|2|2|2|2|2|2|2|16|52|
instagram,141,Kei MORISUE,kitsune,50,92,43,300,305,30,333,0,1078,673,5,false,16,|1|2|2|2|2|
instagram,142,Jason KU,Butterfly,405,838,434,300,34034,13220,35396,91,1594444,1507466,1,false,1,|1|
instagram,143,Shuki KATO,Asian Elephant,276,553,278,300,8031,1515,9522,0,124996,109950,4,true,2180000,|1|2|109|10000|
instagram,144,Xiao CHEN,Bull,90,205,116,300,2674,842,2196,0,38824,33480,3,false,16,|1|4|4|
instagram,145,Alessandro BEBER,Hexagonal Tessellation of Dodecagons #1,612,1401,790,300,3285,69,4176,585,8583,4641,1,false,1,|1|
instagram,146,Kyohei KATSUTA,Lazy Cat,118,241,124,300,2582,419,3088,0,29208,24654,6,false,700,|1|2|2|7|5|5|
instagram,147,Satoshi KAMIYA,Butterfly NS,137,310,174,300,5583,734,7865,0,96838,86381,4,false,126,|1|3|3|14|
instagram,148,Hideo KOMATSU,Wolf,120,289,170,300,4885,949,5516,0,77960,68918,8,false,460512,|1|2|2|2|39|41|6|6|
instagram,149,Kota IMAI,Chilean Stag Beetle,2213,5093,2881,300,402060,93253,495304,0,31132014,30270415,10,true,1310400000000,|1|2|2|2|2|91|3|3|10000|10000|
instagram,150,Kei MORISUE,Sailor Moon,99,207,109,300,1511,117,2119,0,9699,7268,8,false,384,|1|3|2|2|2|4|2|2|
instagram,151,Jason KU,Iso-Area Throwing Star 1,64,124,61,300,712,76,796,0,3876,2860,2,false,256,|1|256|
instagram,152,Jason KU,Iso-Area Throwing Star 2,101,208,108,300,1176,104,932,532,5564,4292,5,false,16,|1|2|2|2|2|
instagram,153,Jason KU,Iso-Area Throwing Star 3,72,148,77,300,800,80,948,0,3812,2620,1,false,1,|1|
instagram,154,Shuki KATO,Camel,274,581,308,300,9486,1634,12410,0,161556,143218,8,false,256,|1|2|2|2|2|2|2|4|
instagram,155,Drew HESKETT,Man Bat,651,1364,714,300,35615,12385,35847,0,1215027,1131968,7,false,14336,|1|2|2|2|2|14|64|
instagram,156,Xiao CHEN,Makima,75,169,95,300,1928,330,2307,0,21780,18310,6,false,64,|1|2|2|2|2|4|
instagram,157,Alessandro BEBER,Square Tessellation of Dodecagons #3,1380,3092,1713,300,6896,168,9100,976,16192,7772,1,false,1,|1|
instagram,158,Kyohei KATSUTA,Sparrow,90,207,118,300,2827,830,1840,473,41925,36912,5,false,16,|1|2|2|2|2|
instagram,159,Satoshi KAMIYA,Little Bird,128,285,158,300,3863,982,3864,0,53772,46300,3,false,4,|1|2|2|
instagram,160,Hideo KOMATSU,Little Bird,125,302,178,300,4713,1537,3600,0,74208,64776,4,false,12,|1|2|2|3|
instagram,161,Masashi TANAKA,star,1772,3752,1981,300,68972,7908,89904,0,1290844,1172300,57,false,420576045541321037910970202666827776,|1|4|4|4|4|4|4|4|4|4|4|4|4|4|4|4|4|4|4|4|4|4|4|4|4|4|4|4|4|4|4|4|4|4|4|4|4|4|4|4|4|4|4|4|4|4|4|4|4|4|4|4|4|12|12|12|12|
instagram,162,Kota IMAI,Carp,1464,3057,1594,300,56457,16694,60120,0,1047180,926272,40,true,2643879594364421485363200000,|1|2|2|2|2|2|2|2|2|2|2|2|2|2|2|2|2|2|2|2|2|2|2|2|2|2|3|16|8|8|16|16|26|16|16|60|8|28|112|10000|
instagram,163,Kei MORISUE,Party Parrot,35,72,38,300,353,27,384,0,1667,1213,3,false,4,|1|2|2|
instagram,164,Jason KU,Pleats Exponential,196,468,273,300,5694,2550,2600,312,72254,59979,9,false,281474976710656,|1|64|64|64|64|64|64|64|64|
instagram,165,Shuki KATO,Guyver Unit III,780,1674,895,300,49904,13634,56763,0,1639306,1530612,13,false,44302336,|1|2|2|2|2|2|2|13|13|2|2|32|32|
instagram,166,Shuki KATO,Guyver Unit I,1018,2199,1182,300,59599,16856,62301,0,1691933,1565232,23,true,618475290624000000000000000000,|1|2|2|2|2|2|2|2|2|2|2|10|10|3|3|8|8|10000|10000|1024|1024|10000|10000|
instagram,167,Drew HESKETT,Desert Tessellation,298,625,328,300,1854,304,2187,0,4325,1570,1,false,1,|1|
instagram,168,Xiao CHEN,Mermaid,102,220,119,300,1795,352,1888,0,15174,12078,5,false,16,|1|2|2|2|2|
instagram,169,Alessandro BEBER,Hexagonal Tessellation of Dodecagons #2,1101,2337,1237,300,4698,96,6153,714,10101,4542,1,false,1,|1|
instagram,170,Satoshi KAMIYA,Bahamut,213,504,292,300,12838,2506,15682,102,323474,298314,1,false,1,|1|
instagram,171,Hideo KOMATSU,Macaque,102,225,124,300,2694,606,2774,0,31376,26390,4,false,1616,|1|2|8|101|
instagram,172,Masashi TANAKA,irt,668,1296,629,300,9048,1904,10348,0,65352,48752,1,false,1,|1|
instagram,173,Kota IMAI,Canabn,484,1035,552,300,23325,5261,29526,0,522402,473244,13,false,16384,|1|2|2|2|2|2|2|2|2|2|2|4|4|
instagram,174,Kei MORISUE,Steps,95,183,89,300,722,102,870,0,2883,1772,4,false,16,|1|2|2|4|
instagram,175,Shuki KATO,Dragonfly,573,1183,611,300,44310,16595,45404,0,1933850,1824192,9,false,2304,|1|2|2|2|2|3|3|4|4|
instagram,176,Drew HESKETT,Hephaetus,851,1684,834,300,42531,15231,41826,0,1751459,1654810,12,false,1627776,|1|2|3|2|2|2|3|3|3|2|2|314|
instagram,177,Brian CHAN,Mortal Kombat Emblem,319,660,342,300,16357,6135,14398,0,454533,416494,5,false,24,|1|2|2|2|3|
instagram,178,Xiao CHEN,Teddy Bear,63,143,81,300,949,160,990,0,5610,4096,2,false,2112,|1|2112|
instagram,179,Alessandro BEBER,Rotated 3.4.6.4,633,1305,673,300,2160,63,2628,414,3243,894,1,false,1,|1|
instagram,180,Satoshi KAMIYA,Pheonix v2.0,207,494,288,300,21000,5008,21882,0,923840,882488,5,false,5924356,|1|2|2|1217|1217|
instagram,181,Satoshi KAMIYA,Pheonix v3.0,413,896,484,300,62486,16081,74238,0,4924340,4787168,3,false,16,|1|4|4|
instagram,182,Satoshi KAMIYA,Pheonix v3.5,315,670,356,300,32174,9954,33638,0,1666164,1593694,6,false,11026208,|1|2|2|2|1174|1174|
instagram,183,Hideo KOMATSU,Panda,62,123,62,300,1043,203,1168,0,11292,9420,4,false,48,|1|12|2|2|
instagram,184,Masashi TANAKA,notitle,2032,4840,2809,300,74368,14408,86512,0,732288,595456,1,false,1,|1|
instagram,185,Kota IMAI,Jack Skellington,547,1190,644,300,39093,12847,39435,0,1341290,1252309,15,false,4161798144,|1|2|2|2|2|3|3|4|4|4|4|4|4|84|84|
instagram,186,Kei MORISUE,Sus,44,82,39,300,289,41,297,0,1043,631,2,false,2,|1|2|
instagram,187,Michelle FUNG,Heart in a House (Flat) v1,82,159,78,300,1069,283,1129,0,8827,6738,4,false,32,|1|2|4|4|
instagram,188,Boice WONG & Mark HANKE,Square Twist Samurai,1394,3068,1675,300,126574,37857,133609,0,6110616,5830114,22,false,25771848867627663360000,|1|2|2|2|2|2|2|2|4|5|2|4|8|16|32|105|4|20|20|6976|64|4096|
instagram,189,Shuki KATO,Evangelion Unit 01 2009,811,1750,940,300,61070,18806,63664,0,2393476,2257350,9,false,122645643264,|1|2|2|6|6|128|128|228|228|
instagram,190,Shuki KATO,Evangelion Unit 01 2013,1314,2843,1530,300,127565,32376,149955,0,6222159,5946775,18,true,8677600788480000,|1|2|2|2|2|2|2|2|2|2|3|2|2|37|37|403|10000|256|
instagram,191,Drew HESKETT,Arrowhead Tessellation,269,488,220,300,1053,0,1529,0,1554,376,9,false,256,|1|2|2|2|2|2|2|2|2|
instagram,192,Alessandro BEBER,Dodecagon^2,960,1980,1021,300,6900,288,9852,948,63852,53724,1,false,1,|1|
instagram,193,Brian CHAN,Spider Man,382,815,434,300,39793,10345,49166,0,2260016,2170604,1,false,1,|1|
instagram,194,Xiao CHEN,DaJi (Â¶≤Â∑±),199,424,226,300,8753,1396,11380,0,222384,205841,4,false,28,|1|2|2|7|
instagram,195,Satoshi KAMIYA,Butterfly TH,393,819,427,300,31548,10942,33522,0,1267028,1191020,2,false,8,|1|8|
instagram,196,Hideo KOMATSU,Giraffe,114,279,166,300,4255,989,4280,0,59300,51346,3,true,30000,|1|3|10000|
instagram,197,Kei MORISUE,Pray,63,126,64,300,697,72,894,0,4131,3037,1,false,1,|1|
instagram,198,Kota IMAI,Cetoniinae,791,1652,862,300,65040,18430,75288,0,2705706,2559290,5,false,18240,|1|2|2|2|2280|
instagram,199,Michelle FUNG,Classic Snowman v1,199,436,238,300,4132,846,4505,0,41943,34497,8,false,86016,|1|2|2|8|4|4|4|42|
instagram,200,Shuki KATO,Zoanoid Dragon v1,3876,7953,4077,300,378338,100558,481179,156,25593975,24725625,54,true,237205718273510866944000000,|1|2|2|2|2|2|2|2|2|2|2|2|2|2|2|2|2|2|2|2|2|2|2|2|2|2|2|2|2|2|2|2|2|2|2|2|2|2|2|2|2|2|2|2|2|3|3|3|3|2|2|2040|2040|10000|
instagram,201,Shuki KATO,Zoanoid Dragon v2,5759,11925,6167,300,694808,175927,902255,0,55396591,53813402,56,true,205195258022068224000000000000,|1|2|2|2|2|2|2|2|2|2|2|2|2|2|2|2|2|2|2|2|2|2|2|2|2|2|2|2|2|2|2|2|2|2|2|2|2|2|2|2|2|2|2|2|2|2|2|3|3|3|3|6|6|10000|10000|10000|
instagram,202,Alessandro BEBER,Hexagonal Tessellation of Dodecagons #3,1536,3285,1750,300,6528,162,8535,978,12996,5292,1,false,1,|1|
instagram,203,Mark HANKE,Archangel Michael,2610,5640,3031,300,324697,103157,346487,0,25024751,24275570,32,true,185903996605562880000,|1|2|2|2|2|2|2|2|2|2|2|2|2|2|3|2|3|3|3|3|3|3|3|3|4|4|31|8|2|16|454|10000|
instagram,204,Bodo HAAG,Tiger,528,1077,550,300,22441,4454,29060,0,544175,498436,13,false,173015040,|1|2|2|2|2|2|3|2|2|10|88|32|16|
instagram,205,Xiao CHEN,Morgan,116,267,152,300,6424,1330,7246,0,165700,153413,5,false,396,|1|2|2|3|33|
instagram,206,Satoshi KAMIYA,Divine Boar,131,276,146,300,4305,638,5962,0,63744,55552,3,false,576,|1|24|24|
instagram,207,Hideo KOMATSU,Horse,93,206,114,300,2853,668,2770,0,42260,37000,5,false,672,|1|2|2|8|21|
instagram,208,Kei MORISUE,General Grievous,773,1706,933,300,71596,17480,86831,99,2938681,2784260,8,false,122880,|1|2|2|2|3|20|16|16|
instagram,209,Kota IMAI,Whip Spider,1085,2301,1217,300,191083,70515,198037,0,19072467,18596221,5,false,64,|1|2|2|4|4|
instagram,210,Michelle FUNG,Angel v1,121,231,111,300,1105,151,1289,0,5539,3827,5,false,36,|1|2|2|3|3|
instagram,211,Bobby LUI,Rabbit,177,300,124,300,3022,1022,3828,0,41280,35614,2,false,112,|1|112|
instagram,212,Shuki KATO,Bear Cub,56,123,68,300,1334,360,1344,0,15220,12562,3,false,4,|1|2|2|
instagram,213,Alessandro BEBER,fractal32,1716,2556,841,300,4108,0,6464,0,6116,1424,1,false,1,|1|
instagram,214,Bodo HAAG,Ant,501,1023,523,300,18995,6101,17608,0,465749,425088,7,false,8589934592,|1|8|16|32|8|256|1024|
instagram,215,Xiao CHEN,Miku 2021,154,340,187,300,4739,716,5820,0,62039,53725,2,true,10000,|1|10000|
instagram,216,Satoshi KAMIYA,Minotaur,85,185,101,300,2261,373,2831,0,29195,25038,1,false,1,|1|
instagram,217,Hideo KOMATSU,Hippopotamus,193,420,228,300,5914,1441,6112,22,90140,78666,9,false,583200,|1|2|2|6|15|2|3|15|18|
instagram,218,Kei MORISUE,Tanuki,52,90,39,300,265,29,310,0,897,524,2,false,5,|1|5|
instagram,219,Kota IMAI,Copris Ochus,337,688,352,300,12074,3148,14400,0,243653,217667,1,false,1,|1|
instagram,220,Michelle FUNG,Portrait of an Origamist v1,130,268,139,300,2005,339,2467,0,16485,12910,3,false,144,|1|12|12|
instagram,221,Winston LEE,Cardinal Tetra,150,311,162,300,6453,1087,8739,0,140196,127493,6,false,72,|1|2|2|2|3|3|
instagram,222,Alessandro BEBER,Penrose Triangle #2,654,1692,1039,300,5733,108,7494,0,9735,2859,49,false,281474976710656,|1|2|2|2|2|2|2|2|2|2|2|2|2|2|2|2|2|2|2|2|2|2|2|2|2|2|2|2|2|2|2|2|2|2|2|2|2|2|2|2|2|2|2|2|2|2|2|2|2|
instagram,223,Bobby LUI,Discord,241,320,80,300,775,144,1470,0,3552,2346,6,false,1184,|1|2|2|2|2|74|
instagram,224,Bodo HAAG,Buff doge,107,227,121,300,2068,296,2650,0,19356,15735,3,false,9,|1|3|3|
instagram,225,Xiao CHEN,Chipmunk,135,257,123,300,1996,336,2483,0,17780,14207,5,false,54,|1|3|3|2|3|
instagram,226,Satoshi KAMIYA,Hermit Crab,140,325,186,300,5505,1575,5196,0,93058,81967,3,false,80,|1|2|40|
instagram,227,Hideo KOMATSU,Rabbit,76,171,96,300,1932,386,2108,0,22916,19418,7,false,64,|1|2|2|2|2|2|2|
instagram,228,Kei MORISUE,seigaiha,207,424,218,300,3457,495,4556,0,24966,18888,8,false,48600,|1|3|3|5|5|3|3|24|
instagram,229,Kota IMAI,Scorpion v2,774,1617,844,300,81502,28468,92069,0,4866630,4663482,1,false,1,|1|
instagram,230,Michelle FUNG,Rabbit Head v3,166,334,169,300,2371,274,3263,0,17363,13272,3,false,9,|1|3|3|
instagram,231,Alessandro BEBER,Dodecagon^3,2232,4560,2329,300,20864,1656,33147,1224,231716,194625,25,false,137438953472,|1|4|2|2|2|2|2|2|2|2|2|2|2|4|4|4|4|4|4|4|4|4|4|4|4|
instagram,232,Bobby LUI,MLG Glasses,451,786,336,300,12333,5919,11943,0,269109,240235,10,false,9216,|1|2|2|2|2|2|2|3|4|12|
instagram,233,Masashi TANAKA,equalwidth,2040,4292,2253,3000,228552,69904,262536,0,12603864,12069712,15,true,4000000000000000000000000000000000000000000000000,|1|2|2|10000|10000|10000|10000|10000|10000|10000|10000|10000|10000|10000|10000|
instagram,234,Bodo HAAG,Dragonfly,407,822,416,300,24322,6288,29829,0,796657,742929,5,false,16384,|1|16|16|8|8|
instagram,235,Xiao CHEN,Tiny Dragon,83,174,92,300,2994,672,3282,0,58412,52688,3,false,4,|1|2|2|
instagram,236,Satoshi KAMIYA,Crane,94,195,102,300,2355,414,3200,0,30128,25474,3,false,4,|1|2|2|
instagram,237,Hideo KOMATSU,Tiger,129,260,132,300,3766,579,5140,0,61972,54784,5,false,8100,|1|15|15|6|6|
instagram,238,Kei MORISUE,Danbo,269,566,298,300,4651,1135,4637,0,40540,31943,11,false,9216,|1|2|2|2|2|4|4|3|3|2|2|
instagram,239,Kota IMAI,Squilla Mantis Shrimp,1972,4249,2278,300,201512,60686,223572,233,12001182,11541182,9,false,330739325337600,|1|3|3|185|185|128|128|256|256|
instagram,240,Juan LANDETA,Galapagos Tortoise,282,567,286,300,7174,1282,9608,0,94010,80034,3,false,20736,|1|144|144|
instagram,241,Michelle FUNG,Amabie v2,292,601,310,300,2855,472,3481,0,12897,8159,9,false,1024,|1|2|2|2|2|2|2|4|4|
instagram,242,Alessandro BEBER,om,1362,3480,2119,300,12153,348,15858,0,21795,6891,1,false,1,|1|
instagram,243,Bobby LUI,Giraffe,283,492,210,300,9037,3574,9302,0,236164,218144,8,false,10485760,|1|2|2|10|32|32|16|16|
instagram,244,Hideo KOMATSU (ORIPA Data Set),Smallbird Base,15,24,10,300,21,2,12,0,16,2,1,false,1,|1|
instagram,245,Bodo HAAG,Batman on his Bike,1432,2919,1488,300,78853,21622,97296,0,3072510,2894574,8,false,5898240,|1|2|2|2|4|3|192|320|
instagram,246,Xiao CHEN,Surfing Girl,216,475,260,300,8054,1410,10566,43,142914,127250,6,false,2636064,|1|3|3|6|6|8136|
instagram,247,Satoshi KAMIYA,Tenma H-7,272,579,308,300,15186,4038,16806,0,500528,468330,9,false,831744,|1|2|2|2|2|2|2|114|114|
instagram,248,Hideo KOMATSU,Dog,113,258,146,300,4653,1204,4474,0,96884,87832,4,false,16416,|1|8|3|684|
instagram,249,Kei MORISUE,Poyoyo,98,205,108,300,1332,162,1564,0,8831,6774,2,false,28,|1|28|
instagram,250,Juan LANDETA,Velociraptor,291,627,337,300,12766,2482,17486,0,280848,254244,9,false,2916,|1|2|2|3|3|3|3|3|3|
instagram,251,Michelle FUNG,Kokeshi Doll v4,206,434,229,300,4194,601,5177,0,39827,32693,11,false,25344,|1|2|2|2|2|2|2|2|3|3|22|
instagram,252,Kota IMAI,Chalcosoma Chiron,669,1404,736,300,50345,18699,50446,0,2073946,1951050,6,false,640,|1|2|2|10|4|4|
instagram,253,Bobby LUI,Reddit,455,579,125,300,1332,444,3580,0,7844,5786,9,false,57600,|1|2|2|2|2|5|5|12|12|
instagram,254,Alessandro BEBER,Menger Sponge Level 2 I,5310,13938,8629,300,49518,1224,65580,0,87258,26394,1,false,1,|1|
instagram,255,Alessandro BEBER,Menger Sponge Level 2 II,5472,14172,8701,300,50634,1764,66246,0,93054,29832,1,false,1,|1|
instagram,256,Bodo HAAG,Ladybug,407,894,488,300,19226,5356,19534,0,426689,386869,12,false,3583180800,|1|3|2|2|2|2|10|10|8|8|108|108|
instagram,257,Xiao CHEN,Fairy Doll,75,178,104,300,1810,294,1970,77,19386,16392,4,false,48,|1|2|2|12|
instagram,258,Satoshi KAMIYA,Cait Sith,257,532,276,300,22326,7201,23122,579,1035332,984209,1,false,1,|1|
instagram,259,Kei MORISUE,Father Cat,89,184,96,300,1309,138,1624,0,8857,6825,4,false,108,|1|3|3|12|
instagram,260,Kota IMAI,Lucanus Maculifemoratus,1294,2779,1486,300,168658,41281,216254,0,11457993,11080608,7,false,1088,|1|2|2|2|2|2|34|
instagram,261,Robert LANG,Post Generic Beetle Opus 696,238,493,256,300,9807,3196,9660,0,216484,194717,7,false,256,|1|2|2|2|2|4|4|
instagram,262,Alessandro BEBER,Square Tessellation of Dodecagons #2,1352,2955,1604,300,6240,284,6966,1840,14128,7028,5,false,81,|1|3|3|3|3|
instagram,263,Jason KU,Angel,105,224,120,300,4788,1181,5216,0,126776,117102,2,false,44,|1|44|
instagram,264,Xiao CHEN,Yu(ËôûÁæé‰∫∫),215,453,239,300,5430,1202,6160,33,70897,60392,4,false,1296,|1|4|18|18|
instagram,265,Satoshi KAMIYA,Loggerhead Sea Turtle,526,1068,543,300,13603,2427,18535,0,203009,176245,10,false,18432,|1|2|2|2|2|2|2|2|2|72|
instagram,266,Satoshi KAMIYA,Turtle,554,1136,583,300,22870,4916,29652,0,479060,431458,13,false,6866654577379246080,|1|2|2|2|2|6|6|40|48|488|1468|1472|5888|
instagram,267,Kei MORISUE,Plat,111,223,113,300,1232,116,1473,0,7014,5231,5,false,1248,|1|3|4|4|26|
instagram,268,Kota IMAI,Tarantula,605,1478,874,300,80773,26308,80020,124,4244264,4061190,2,true,10000,|1|10000|
instagram,269,Alessandro BEBER,Penrose+,2436,6306,3871,300,22302,702,29154,0,40287,12639,7,false,64,|1|2|2|2|2|2|2|
instagram,270,Jason KU,HJ Rex,350,779,430,300,20513,4499,25049,227,586729,544620,8,false,65536,|1|2|2|2|2|2|2|1024|
instagram,271,Xiao CHEN,Raccoon,105,203,99,300,1586,297,1873,0,14400,11559,6,false,72,|1|2|2|2|3|3|
instagram,272,Juho K√ñNKK√ñL√Ñ & Bodo HAAG,Poser,171,353,183,300,6138,2362,5882,0,129631,114832,1,false,1,|1|
instagram,273,Satoshi KAMIYA,Cyclomantis Metalifer,329,700,372,300,22358,5448,30104,106,836486,785650,4,false,8,|1|2|2|2|
instagram,274,Kei MORISUE,Keqing (Genshin Impact),1092,2334,1243,300,199182,39967,271939,0,19560444,19131676,19,false,78522089472000,|1|2|2|2|2|2|6|3|2|2|4|10|8|8|5|43|43|20|72|
instagram,275,Kota IMAI,Sushi,326,674,349,300,1962,440,1894,0,4654,1778,1,false,1,|1|
instagram,276,Alessandro BEBER,Dodecagon^3:4,2832,5580,2749,300,21132,1620,32680,2328,231756,195348,24,false,34359738368,|1|2|2|2|2|2|2|2|2|2|2|2|4|4|4|4|4|4|4|4|4|4|4|4|
instagram,277,Hyung Kyu MAENG,Camel Spider,864,1779,916,300,86018,36790,81289,0,4679544,4454728,9,false,36864,|1|4|4|4|4|2|2|6|6|
instagram,278,Jason KU,Crab (base),147,326,180,300,6498,1528,7988,66,143000,129326,3,false,4,|1|2|2|
instagram,279,Jason KU,Crab (shaped),1412,3125,1714,300,116073,21393,163240,150,4712238,4467338,38,true,2710744043528045752160550134376038400000000,|1|2|2|2|2|2|2|2|2|2|2|2|3|3|2|2|8|8|8|8|66|5|5|16|16|16|16|32|32|4096|4096|2|2|256|256|320|5760|10000|
instagram,280,Xiao CHEN,Lying Girl,192,419,228,300,6014,1686,6724,14,92628,79668,2,false,3,|1|3|
instagram,281,Satoshi KAMIYA,Long-Headed Locust,87,184,98,300,1195,269,1296,80,8384,6205,2,false,2,|1|2|
instagram,282,Kei MORISUE,Circus,83,175,93,300,782,286,504,0,3280,1818,7,false,324,|1|2|2|3|3|3|3|
instagram,283,Kota IMAI,Dragonfly,464,951,488,300,68208,27383,62732,0,6238172,6067286,7,false,729,|1|3|3|3|3|3|3|
instagram,284,Alessandro BEBER,Sierpinski-Penrose Triangle #2,2355,6225,3871,300,21894,408,29049,0,37407,10818,7,false,64,|1|2|2|2|2|2|2|
instagram,285,Hyung Kyu MAENG,Cyclommatus Elaphus,647,1366,720,300,49844,17180,48752,0,2089294,1973978,13,false,18104320,|1|2|2|2|2|2|2|2|2|2|2|2|8840|
instagram,286,L∆∞∆°ng ƒê·ª©c M·∫°nh (ü•ï) & Kei MORISUE,Keied Keqing,608,1295,688,300,66889,16144,83175,0,4135925,3989822,14,true,121891171860480000,|1|2|2|2|2|2|2|4|11|10000|4|64|4096|4128|
instagram,287,Jason KU,Four Leaf Clover,177,390,214,300,7688,1796,8327,254,213941,198818,5,false,160,|1|2|2|10|4|
instagram,288,Xiao CHEN,Skating Girl,129,286,158,300,4825,1085,5080,0,79511,70394,8,false,11340,|1|2|2|3|3|5|7|9|
instagram,289,Satoshi KAMIYA,Kentrosaurus,187,464,278,300,12591,2713,14010,0,328980,304640,2,false,140,|1|140|
instagram,290,Kei MORISUE,Hand,105,214,110,300,2250,283,3173,0,25775,21657,2,false,4,|1|4|
instagram,291,Kota IMAI,Chalcosoma Caucasus,1559,3382,1824,300,246910,55938,309084,0,18322855,17794797,22,true,39474437761995374592000000,|1|2|2|3|3|2|2|4|5|5|27|27|16|16|8|128|128|2|608|96|96|10000|
instagram,292,Masashi TANAKA,Aperiodic Monotile 1,26,46,21,300,86,13,81,0,178,70,1,false,1,|1|
instagram,293,Bodo HAAG,Aperiodic Monotile 1,42,77,36,300,191,31,186,0,522,262,2,false,2,|1|2|
instagram,294,Jason KU,Aperiodic Monotile 1,30,52,23,300,126,16,125,0,365,207,3,false,4,|1|2|2|
instagram,295,Masashi TANAKA,Aperiodic Monotile 2,28,47,20,300,98,14,82,0,258,139,3,false,6,|1|3|2|
instagram,296,Jason KU,Aperiodic Monotile 2,26,44,19,300,107,7,128,0,307,168,3,false,4,|1|2|2|
instagram,297,Masashi TANAKA,Aperiodic Monotile 3,47,87,41,300,237,44,250,0,752,389,2,false,2,|1|2|
instagram,298,Kei MORISUE,TIE Interceptor (Star Wars),354,759,406,300,9683,1897,12282,0,134200,115214,11,false,2304,|1|2|2|2|2|2|2|2|2|3|3|
instagram,299,Brandon WONG,Japanese Spiny Lobster (jsl),1657,3367,1711,300,157770,60526,167060,0,12417029,12014096,7,false,92416,|1|2|2|76|76|2|2|
instagram,300,Kota IMAI,Japanese Spiny Lobster v2,4485,9865,5381,300,1011971,332497,1024238,0,134259815,131920938,41,true,7764258044882812033724055552000000000000000000000000,|1|2|2|2|2|2|2|2|2|2|2|2|2|2|2|2|2|2|2|2|8|8|9|9|8|8|18|18|12|12|576|576|10000|10000|11|512|512|10000|10000|10000|10000|
instagram,301,Akitaya et al. Box Pleating is Hard,Assigned Crossover,36,60,25,300,300,80,300,0,2300,1744,2,false,4,|1|4|
instagram,302,Akitaya et al. Box Pleating is Hard,Assigned Clause,37,67,31,300,301,33,407,0,1535,1050,2,false,6,|1|6|
instagram,303,Akitaya et al. Box Pleating is Hard,Assigned Split,36,66,31,300,429,49,646,0,3375,2605,2,false,2,|1|2|
instagram,304,Akitaya et al. Box Pleating is Hard,Assigned Solvable,15419,27277,11859,300,200435,38739,299567,0,1615331,1213166,2,false,2,|1|2|
instagram,305,Satoshi KAMIYA,Winged Kirin,423,898,476,300,34378,8782,46066,0,1465820,1386134,9,false,256,|1|2|2|2|2|2|2|2|2|
instagram,306,Hyung Kyu MAENG,Weta,1291,2752,1462,300,146137,55764,140158,0,8956607,8598145,13,true,10871635968000000000000,|1|6|6|4|4|2|2|96|96|512|10000|10000|10000|
instagram,307,Kei MORISUE,Arc Trooper (Star Wars),292,627,336,300,11836,1574,16551,0,236112,213934,5,false,43680,|1|2|6|104|35|
instagram,308,Andy Dequin,Igris,2004,4299,2296,300,343620,93644,440220,0,34172216,33364268,7,true,640000,|1|2|2|2|2|4|10000|
instagram,309,Xiao CHEN & Kei MORISUE,Keied Raiden Shogun,513,1108,596,300,46944,8843,64640,0,2203761,2105116,13,false,124416,|1|2|2|2|3|2|2|3|3|2|2|9|4|
instagram,310,Kota IMAI,Dorcus hopei binodulosus,1305,2840,1536,1000,153638,37071,187069,0,9601048,9269391,14,true,2418647040000,|1|2|2|3|3|18|18|18|18|2|2|4|4|10000|
instagram,311,Jason KU,HJ Dragon,172,433,262,300,12579,2014,15410,384,330840,307828,8,false,6912,|1|2|2|2|2|3|3|48|
instagram,312,Satoshi KAMIYA,Kzinssie Type 2,230,499,270,300,13925,3882,13982,0,426087,397159,1,false,1,|1|
