number,author,title,vertices,edges,faces,eps,variables,taco-taco,taco-tortilla,tortilla-tortilla,transitivity,reduced_trans,components,limited,states,component_assignments,setup_sec,solve_sec
001,Traditional,Sailboat,23,42,20,8,158,42,116,0,724,444,2,no limit,4,|1|4|,0.0151,0.0007
002,Traditional,Kabuto,19,36,18,8,117,21,88,0,420,214,3,no limit,9,|1|3|3|,0.0072,0.0004
003,Jason KU,Triangle Bird,134,309,176,8,4024,1256,3472,0,50944,40658,4,no limit,4428,|1|3|3|492|,0.1656,0.4287
004,Traditional,Crane,58,129,72,8,892,197,712,254,6392,4630,2,no limit,5,|1|5|,0.029599999,0.0021
005,Jason KU,Kitten,150,331,182,32,3519,538,2798,1893,40684,33952,5,no limit,81,|1|3|3|3|3|,0.1444,0.0025
006,Jason KU,Thirds Pinwheel,12,20,9,8,28,0,28,0,36,8,1,no limit,1,|1|,0.0022,0
007,Jason KU,Pinwheel Pockets,16,32,17,8,104,16,72,0,296,176,2,no limit,47,|1|47|,0.0028,0.0035
008,Jason KU,Robot,90,176,87,8,1195,357,1128,0,8904,5468,5,no limit,16,|1|2|2|2|2|,0.0317,0.000400001
009,Jason KU,Unassigned Triangle Pleat,21,30,10,8,45,0,36,0,120,0,10,no limit,512,|1|2|2|2|2|2|2|2|2|2|,0.0072,0.0001
010,Brian CHAN,Beaver,84,189,106,32,2385,584,2430,0,32524,26558,4,no limit,588,|1|14|14|3|,0.090200001,0.015
011,Jason KU,Bull,228,515,288,64,12184,1874,14762,1235,289552,241568,11,no limit,26210967552,|1|2|2|2|2|19|6|6|36|36|1848|,0.8824,0.6295
012,Jason KU,4x4 Grid Unassigned,25,40,16,8,120,68,0,0,560,324,2,10000,10000,|1|10000|,0.0082,1.6602
013,Jun MITANI (ORIPA Data Set),Medal,146,202,57,8,332,162,490,0,944,432,1,no limit,1,|1|,0.0185,0.000099999
014,Jason KU,HJ Girl,179,370,192,128,2509,350,1906,1580,14000,9696,6,no limit,12800,|1|4|4|10|10|8|,0.136,0.0086
015,Jason KU,Iso-Area Half Square,28,50,23,16,114,22,80,0,276,118,1,no limit,1,|1|,0.0062,0
016,Masashi TANAKA (ORIPA Data Set),enarc-crane final,88,186,99,8,1534,402,1616,0,14508,9789,4,no limit,52,|1|2|2|13|,0.0487,0.0026
017,Jorge JARAMILLO,Tato Coaster,116,244,129,8,2160,340,2852,0,17440,10324,5,no limit,16,|1|2|2|2|2|,0.0653,0.0019
018,Hideo KOMATSU,Butterfly Base,73,158,86,8,1167,127,1406,0,8324,5209,4,no limit,544,|1|2|2|136|,0.033900001,0.035
019,Robert LANG,Rings8,561,1105,545,65536,4590,0,8041,0,13515,918,1,no limit,1,|1|,0.852099999,0.0002
020,Kota IMAI,Taiyaki Fish,1368,2773,1406,32,25865,6405,30180,0,236247,164301,19,no limit,13369344,|1|2|2|2|2|3|2|2|2|2|2|2|2|2|2|2|4|4|17|,0.8256,0.01
021,Brian CHAN,Simple Dragon,82,183,102,32,1719,312,1544,501,15812,12080,5,no limit,24,|1|3|2|2|2|,0.0565,0.001299999
022,Boice WONG,Sword Plate Armor 40,1471,3186,1716,16,90061,28747,90467,0,3022525,2691542,43,no limit,352408203880754212000235520,|1|2|2|2|2|2|2|2|2|2|2|3|3|3|3|3|3|2|2|2|3|3|3|3|3|3|3|3|2|3|3|3|3|2|2|6|6|5|6|8|6456|144|1728|,7.8783,49.386
023,Yuichi ITAGAKI,Motorcycle,948,2004,1057,256,74319,18621,87296,47,3537313,3200897,46,no limit,4427218577690292387840,|1|2|2|2|2|2|2|2|2|2|2|2|2|2|2|2|2|2|2|2|2|2|2|2|2|2|2|2|2|2|2|2|2|2|2|2|2|4|4|16|16|20|16|16|384|8|,8.455599999,0.236900001
024,Hideo KOMATSU,Girl-bp-01,498,1023,526,8,29102,9771,29678,0,876953,755933,5,no limit,150528,|1|4|4|2|4704|,2.0475,64.312900001
025,Robert LANG,Golden Weave,370,670,301,1048576,3138,0,5394,0,9930,1154,23,no limit,4194304,|1|2|2|2|2|2|2|2|2|2|2|2|2|2|2|2|2|2|2|2|2|2|2|,1.1988,0.0017
026,Yohsuke FURUTA (ORIPA Data Set),orihazuru,87,176,90,8,2625,1120,1808,0,49380,41786,2,no limit,900,|1|900|,0.177400001,1.0842
027,Jason KU,8x8 Flippable Pixel Grid,376,780,405,8,4828,676,5932,0,28880,9184,17,no limit,65536,|1|2|2|2|2|2|2|2|2|2|2|2|2|2|2|2|2|,0.120900001,0.0014
028,Brian CHAN,The Universal Symbol,190,388,199,8,3298,626,3862,0,31288,19016,7,no limit,64,|1|2|2|2|2|2|2|,0.1059,0.0004
029,Kota IMAI,Swallowtail Butterfly v2,473,991,519,32,11364,1817,14479,0,145542,103518,13,no limit,129600,|1|2|2|3|3|2|2|2|2|5|5|3|3|,0.5128,0.0054
030,Masashi TANAKA (ORIPA Data Set),fish base,92,219,128,8,3384,1142,2512,0,51696,43688,5,no limit,128,|1|4|4|2|4|,0.1206,0.0035
031,Boice WONG,Cat's Eye Tessellation,1028,2148,1121,8,14608,2976,18832,0,95536,35920,17,no limit,65536,|1|2|2|2|2|2|2|2|2|2|2|2|2|2|2|2|2|,0.4133,0.0009
032,Hideo KOMATSU (ORIPA Data Set),Minotaur,294,696,403,8,11456,3137,10983,0,220005,181871,7,no limit,160000,|1|2|2|25|25|8|8|,0.510599999,0.048
033,Robert LANG,Hyperbolic Limit,945,1743,799,4096,4557,0,6867,0,8799,0,1,no limit,1,|1|,0.611900001,0.000299999
034,Michelle FUNG,Rabbit Head v4,264,529,266,32,3964,427,5500,0,31361,10964,9,no limit,6400,|1|2|2|2|2|4|4|5|5|,0.1475,0.002
035,Tomohiro TACHI (ORIPA Data Set),kamehameha,74,135,62,8,1575,605,1290,0,25616,21086,1,no limit,1,|1|,0.061,0.0001
036,Jason KU,Checkerboard 26x26,839,1782,944,32,16532,3920,19292,224,154860,93520,25,no limit,110075314176,|1|2|2|2|2|2|2|2|2|3|3|3|3|3|3|3|3|4|4|4|4|4|4|4|4|,0.5337,0.0148
037,Kota IMAI,Shrimp v2,1529,3242,1714,16,422273,167533,419778,0,67508608,64909210,9,no limit,995328,|1|3|2|2|2|2|81|16|16|,149.224900001,0.249799999
038,Traditional (ORIPA Data Set),Yakko,38,75,38,8,190,36,153,0,429,152,1,no limit,1,|1|,0.0506,0
039,Boice WONG,Ara Ara,359,676,318,8,10382,4232,8493,0,208797,176642,5,no limit,16,|1|2|2|2|2|,0.4746,0.004799999
040,Hideo KOMATSU,Gentle Dragon,137,312,176,8,5576,1516,5444,0,112176,98134,11,no limit,16384,|1|2|2|2|2|2|2|2|2|8|8|,0.2503,0.0024
041,Robert LANG,5-Fold 2-Layer Weave,220,400,181,1048576,1830,0,3042,0,5490,1328,31,no limit,1073741824,|1|2|2|2|2|2|2|2|2|2|2|2|2|2|2|2|2|2|2|2|2|2|2|2|2|2|2|2|2|2|2|,0.3608,0.0042
042,Yohsuke FURUTA (ORIPA Data Set),katatsumuri (snail),144,283,140,64,3574,1122,4090,17,58384,42508,3,no limit,4,|1|2|2|,0.153799999,0.000900001
043,Jason KU,Quad Overlap,34,42,9,8,24,0,0,0,16,16,17,no limit,65536,|1|2|2|2|2|2|2|2|2|2|2|2|2|2|2|2|2|,0.0046,0.000099999
044,Kei MORISUE,Angel,385,835,451,128,12647,1739,17553,0,222499,163071,7,no limit,473088,|1|2|2|8|8|14|132|,0.705799999,0.5095
045,Traditional (ORIPA Data Set),Pig,45,88,44,8,418,120,312,0,2508,1646,7,no limit,144,|1|2|2|2|2|3|3|,0.0108,0.0005
046,Kota IMAI,Prosopocoilus Inclinatus v3.1,1220,2645,1426,64,170010,47180,200986,0,11964227,10859557,12,no limit,582266880,|1|3|3|3|3|2|2|9|24|5|16|104|,36.7088,11.9427
047,Masashi TANAKA (ORIPA Data Set),Infinity,90,228,139,8,3014,550,2956,0,34488,28292,1,no limit,1,|1|,0.091599999,0.000200001
048,Hideo KOMATSU,Dutch Rabbit,53,106,54,32,714,85,799,0,4427,2558,2,no limit,25,|1|25|,0.0287,0.009
049,Robert LANG,Egg13-3 Tessellation,169,325,157,8192,1136,0,1861,0,2957,264,1,no limit,1,|1|,0.1417,0
050,Jason KU,Ryu Zin Jr,523,1072,550,16,33097,9739,36783,0,1194665,1059314,11,no limit,294912,|1|2|2|2|2|2|2|4|3|3|128|,2.8669,1.0713
051,Kei MORISUE,CP PLZ,63,120,58,8,448,81,475,0,1888,451,4,no limit,12,|1|2|3|2|,0.013,0.0002
052,Traditional (ORIPA Data Set),House,14,22,9,8,20,4,8,0,16,0,1,no limit,1,|1|,0.0016,0.000099999
053,Kota IMAI,Leaf Insect v2,729,1592,864,256,40726,11815,41642,0,1288589,1087152,22,no limit,1202315964973056,|1|2|2|2|2|2|2|3|3|3|3|2|3|4|32|32|4|8|3|12|32|256|,3.164099999,2.010700001
054,Masashi TANAKA (ORIPA Data Set),Hexagon,70,138,69,32,401,97,276,87,1407,769,3,no limit,81,|1|9|9|,0.0212,0.0016
055,Hideo KOMATSU,Sheep,87,186,100,8,1762,363,1772,0,17312,12758,2,no limit,7,|1|7|,0.0486,0.0005
056,Tomohiro TACHI (ORIPA Data Set),Hoodman,37,70,34,8,409,124,340,0,2912,1984,1,no limit,1,|1|,0.0085,0.0001
057,Brandon WONG,Dragon HP,1665,3326,1662,256,98271,18232,140972,0,3556208,2929132,22,no limit,3145728,|1|2|2|2|2|2|2|2|2|2|2|2|2|2|2|2|2|2|2|2|2|3|,7.846099999,0.004
058,Jason KU,Color-change Pinwheel 1,33,76,44,8,136,8,120,44,192,8,1,no limit,1,|1|,0.005900001,0
059,Bodo HAAG,Leopard Frog,440,943,504,32,33868,11232,29562,0,1409608,1283528,16,no limit,56687040,|1|2|2|3|3|3|3|3|3|3|3|3|3|3|20|4|,2.5967,0.014
060,Jason KU,1-Piece Star Atarbus,113,268,156,8,3404,376,3692,820,34760,25472,5,no limit,256,|1|4|4|4|4|,0.1054,0.0028
061,Kei MORISUE,koishi,234,510,277,8,6351,752,8531,0,77786,51516,7,no limit,2846016,|1|3|4|9|9|6|488|,0.2242,0.1058
062,Yohsuke FURUTA (ORIPA Data Set),houou,48,97,50,8,829,396,424,5,9988,8012,1,no limit,1,|1|,0.0218,0
063,Kota IMAI,Japanese Drone v2,360,751,392,128,20776,6668,22162,0,647884,547784,3,no limit,9,|1|3|3|,1.2192,0.002
064,Masashi TANAKA (ORIPA Data Set),Butterfly Base,129,329,201,8,8995,3417,6325,0,244345,221676,3,no limit,484,|1|22|22|,0.4771,0.043599999
065,Hideo KOMATSU,Dolphin,80,171,92,8,1342,279,1496,0,10760,6068,2,no limit,2,|1|2|,0.0283,0.000099999
066,Brandon WONG,Rattlesnake HP,5303,10625,5323,32,141555,29923,197810,0,5129424,4169888,47,10000,202661983231672320000,|1|2|2|2|2|2|2|2|2|2|2|2|2|2|2|2|2|2|2|2|2|2|2|2|2|2|2|2|2|2|2|2|2|2|2|2|2|2|2|2|2|2|4|4|3|192|10000|,13.08,120.7928
067,Traditional (ORIPA Data Set),damashi bune,10,17,8,8,28,4,20,0,56,8,1,no limit,1,|1|,0.017400001,0
068,Bodo HAAG,Sarcosuchus,1354,2942,1589,128,118168,29213,107658,34732,5249969,4781432,24,no limit,20615843020800000,|1|2|2|2|2|2|2|2|2|2|2|4|5|5|4|5|3|2|8|20|20|64|8|1024|,10.829,5.9965
069,Kei MORISUE,Disappearing Contrails,81,158,78,8,685,90,760,0,3413,1359,3,no limit,4,|1|2|2|,0.020599999,0.0001
070,Jason KU,Pygmy Jerboa,66,135,70,32,891,175,1016,15,6978,4057,3,no limit,4,|1|2|2|,0.0262,0.000099999
071,Kota IMAI,Sailor Suit,102,205,104,128,1142,192,1317,0,5915,2518,13,no limit,4096,|1|2|2|2|2|2|2|2|2|2|2|2|2|,0.0398,0.000900001
072,Masashi TANAKA (ORIPA Data Set),Infinity 2,288,816,529,16,15700,3288,16964,0,234804,169876,1,no limit,1,|1|,0.667099999,0.0006
073,Hideo KOMATSU,Squirrel,47,102,56,8,788,132,926,0,6216,3864,4,no limit,48,|1|2|2|12|,0.0215,0.0035
074,Koryo MIURA (ORIPA Data Set),Miura-ori,81,152,72,8,764,296,392,0,4088,2638,1,no limit,1,|1|,0.012200001,0
075,Bodo HAAG,Dwarf,1151,2404,1254,8,46004,11112,53325,0,1033952,870317,13,no limit,8493465600,|1|2|2|4|4|4|4|5|5|6|6|96|96|,2.8119,1.0561
076,Kei MORISUE,Fibonacci Vortex,91,195,105,128,1397,1,1725,320,9572,1343,12,no limit,4608,|1|3|2|2|2|2|2|2|2|2|2|3|,0.0894,0.000400001
077,Jason KU,Lobster 1.8b,720,1571,852,256,52746,13142,65120,104,2026992,1562992,11,no limit,65536,|1|2|2|2|2|2|2|2|2|16|16|,4.232799999,0.0496
078,Kota IMAI,Maple Leaf v1,129,275,147,256,3072,459,3964,0,36198,26728,10,no limit,2048,|1|2|2|2|2|2|2|2|4|4|,0.160599999,0.0015
079,Kota IMAI,Maple Leaf v2,92,211,120,16,2148,436,2247,0,20973,15180,4,no limit,64800,|1|2|90|360|,0.0761,0.281599999
080,Kota IMAI,Maple Leaf v3,107,222,116,16,2119,279,2620,0,20834,14550,13,no limit,36864,|1|2|2|2|2|2|2|2|2|4|4|3|3|,0.0745,0.0015
081,Hideo KOMATSU,Lion,159,360,202,8,6225,997,7710,0,104972,84460,8,no limit,46656,|1|2|2|3|2|54|6|6|,0.3111,0.0175
082,Traditional (ORIPA Data Set),4 Birdbase,33,88,56,8,964,308,672,0,9864,7728,3,no limit,81,|1|9|9|,0.025,0.0025
083,Kei MORISUE,Cheems Meme,65,142,78,16,1201,109,1510,0,10291,5908,5,no limit,16,|1|2|2|2|2|,0.043,0.0005
084,Jason KU,4x4 Checkerboard,52,98,47,8,254,38,238,0,636,190,1,no limit,1,|1|,0.006700001,0
085,Kota IMAI,Flying Grasshopper,1726,3729,2004,16,242350,70598,262220,0,17518532,15984060,18,10000,57330892800000000,|1|4|4|3|3|4|4|2|2|4|4|45|3|3|15|10000|80|80|,36.1459,5.4655
086,Mi WU,5x5 Flippable Pixel Grid 1,185,409,225,8,2372,461,2076,330,12074,6225,15,no limit,3604480,|1|2|2|2|2|2|2|2|2|2|2|4|4|10|22|,0.0511,0.0062
087,Mi WU,5x5 Flippable Pixel Grid 2,185,409,225,8,2440,483,2211,216,12445,5360,16,no limit,1179648,|1|2|2|2|2|2|2|2|3|3|2|2|4|4|4|4|,0.0469,0.0021
088,Hideo KOMATSU,Papillion,88,195,108,8,2362,561,2482,0,28764,21794,2,no limit,320,|1|320|,0.0817,0.0371
089,Traditional (ORIPA Data Set),9 Birdbase,85,232,148,8,5870,2357,3616,0,143748,129708,3,no limit,225,|1|15|15|,0.2513,0.0165
090,Kei MORISUE,Man,216,484,269,8,7742,1395,8618,929,128703,105996,9,no limit,1536,|1|2|2|2|2|3|4|4|2|,0.3026,0.0038
091,Jason KU,4 Stripes 1,34,67,34,8,288,84,220,0,1397,807,4,no limit,8,|1|2|2|2|,0.009400001,0.0007
092,Jason KU,4 Stripes 2,88,169,82,8,389,55,191,252,848,418,3,no limit,14,|1|2|7|,0.0152,0.0008
093,Jason KU,4 Stripes 3,72,139,68,16,326,50,175,169,689,310,3,no limit,14,|1|2|7|,0.0124,0.0006
094,Jason KU,4 Stripes 4,104,209,106,128,849,147,647,336,4163,2607,3,no limit,10,|1|2|5|,0.0443,0.0015
095,Kota IMAI,Mantis v2.8,1317,2844,1528,256,115938,30462,139720,0,5409098,4657694,30,no limit,68534517899345316265775333376,|1|2|3|3|2|3|3|3|3|2|2|3|3|3|3|3|3|9|9|18|18|81|81|32|7|2916|2916|3|32|256|,11.569,3.2898
096,Hideo KOMATSU,Horned Owl,34,71,38,8,359,71,344,0,1940,974,1,no limit,1,|1|,0.0105,0
097,Kei MORISUE,CP THX,104,200,97,8,902,145,1015,0,4372,1246,6,no limit,32,|1|2|2|2|2|2|,0.0227,0.000099999
098,RS Origami,Inside Out,58,134,77,8,544,160,344,0,1932,896,9,no limit,3136,|1|2|2|2|2|2|2|7|7|,0.011099999,0.002200001
099,Kyohei KATSUTA,Fox Wedding Bride,118,243,126,128,2767,536,3274,0,33008,24104,4,no limit,52,|1|2|2|13|,0.1018,0.0021
100,Satoshi KAMIYA,Ryujin 2.1,5325,11097,5773,32,453998,119105,586781,0,31565446,28333862,249,10000,145022807077009785772197058860978751779119878255550804082621437002098231214080000000,|1|2|2|2|2|2|2|2|2|2|2|2|2|2|2|2|2|2|2|2|2|2|2|2|2|2|2|2|2|2|4|2|2|2|2|2|2|2|2|2|2|2|2|2|2|2|2|2|2|2|2|2|2|2|2|2|2|2|2|2|2|2|2|2|2|2|2|2|2|2|2|2|2|2|2|2|2|2|2|2|2|2|2|2|2|2|2|2|2|2|2|2|2|2|2|2|2|2|2|2|2|2|2|2|2|2|2|2|2|2|2|2|2|2|2|2|2|2|2|2|2|2|2|2|2|2|2|2|2|2|2|2|2|2|2|2|2|2|2|2|2|2|2|2|2|2|2|2|2|2|2|2|2|2|2|2|2|2|2|2|2|2|2|2|2|2|2|2|2|2|2|2|2|2|2|2|2|2|2|2|2|2|2|2|2|2|2|2|2|2|2|2|2|2|2|2|2|2|2|2|2|2|2|2|2|2|2|2|2|2|2|2|2|2|2|2|2|2|2|2|2|2|2|2|2|2|2|2|2|2|2|2|2|2|2|2|2|2|2|3|3|2|3|5|4|4|4|950|10000|,78.5385,11.9978
101,Jason KU,Turkey 2.1,231,500,270,8,4335,901,3086,1974,43472,34658,4,no limit,672,|1|2|2|168|,0.170700001,0.1115
102,Traditional (ORIPA Data Set),Pinwheel,12,20,9,8,20,0,16,0,16,0,1,no limit,1,|1|,0.0019,0
103,Avon KOH,Footballer,78,173,96,8,864,158,764,149,5056,3128,1,no limit,1,|1|,0.0205,0.0001
104,Kota IMAI,Metallifer,924,2006,1083,32,80473,19009,100116,0,3281399,2813329,11,no limit,331776,|1|2|2|2|2|2|2|3|3|2|288|,7.1005,0.1013
105,Hideo KOMATSU,Rhino,122,259,138,8,3317,539,4140,0,44360,30018,5,no limit,696,|1|3|2|2|58|,0.1197,0.017900001
106,Kei MORISUE,7 Segment Display (off),117,221,105,8,936,182,934,0,5200,3032,3,no limit,4,|1|2|2|,0.023700001,0.000099999
107,Kei MORISUE,7 Segment Display (on),121,235,115,8,1084,195,1075,52,5887,3226,3,no limit,4,|1|2|2|,0.024,0.0001
108,Ryan WELSH,Titan Beetle,718,1525,808,8,34216,12814,31746,0,842754,717084,21,no limit,154618822656,|1|2|2|2|2|2|2|2|2|2|2|2|2|4|4|6|6|16|16|16|16|,1.6821,0.028
109,Tae Yong YOO,Pochita,190,405,216,16,7056,1358,8822,0,129372,95056,7,no limit,2400,|1|2|2|2|2|10|15|,0.294200001,0.033299999
110,Kyohei KATSUTA,Fox Wedding Groom,107,236,130,16,4197,648,5292,0,88996,71616,6,no limit,648,|1|3|3|3|3|8|,0.2053,0.0017
111,Satoshi KAMIYA,Wizard,227,502,276,8,28044,11038,24340,0,1840325,1750428,1,no limit,1,|1|,3.247900001,0.0008
112,Kota IMAI,Cicada v1,1003,2159,1157,32,111796,33128,119538,0,6874837,6300185,14,10000,65545216000000,|1|2|2|2|2|4|4|5|5|4|4|253|253|10000|,15.7117,31.0899
113,Hideo KOMATSU,Fox,49,102,54,16,607,180,516,0,3636,2214,4,no limit,12,|1|2|2|3|,0.0148,0.0002
114,Kei MORISUE,Kirby,47,89,43,8,336,26,363,0,1379,562,3,no limit,16,|1|4|4|,0.0111,0.0002
115,Masashi TANAKA,Dice 13,154,331,178,8,3508,1020,2907,0,39104,26236,9,no limit,322560,|1|2|2|2|2|10|2|14|72|,0.089200001,0.030299999
116,Masashi TANAKA,Dice 8,176,355,180,8,2149,340,2398,0,13938,4653,7,no limit,1728,|1|2|2|2|3|6|12|,0.048200001,0.0029
117,Masashi TANAKA,Dice 15,95,181,87,16,897,103,1087,0,4565,1890,4,no limit,8,|1|2|2|2|,0.031400001,0.0002
118,Kyohei KATSUTA,Fox Wedding Cub,46,97,52,16,586,118,542,0,3456,2030,2,no limit,28,|1|28|,0.014400001,0.002099999
119,Satoshi KAMIYA,Wasp,382,807,426,256,27390,6992,34735,0,1040739,842829,6,no limit,720,|1|2|2|5|6|6|,2.4955,0.1076
120,Kota IMAI,Forest Scorpion,1042,2247,1206,16,113701,32577,132694,0,6486341,5725901,10,no limit,9216,|1|2|2|3|3|4|4|4|2|2|,13.0791,0.036299999
121,Hideo KOMATSU (ORIPA Data Set),rafflesia,60,120,61,8,380,44,432,0,1144,420,9,no limit,6561,|1|3|3|3|3|3|3|3|3|,0.0126,0.0004
122,Kei MORISUE,jitome,82,160,79,16,604,33,703,33,2257,727,4,no limit,176,|1|2|2|44|,0.023,0.0027
123,Shuki KATO,Bison,336,709,374,16,11703,2108,14656,0,208820,166070,9,no limit,8642304,|1|2|2|2|2|3|44|44|93|,0.5301,0.033
124,Xiao CHEN,Horse,68,161,94,8,2259,412,2654,0,31020,20994,2,no limit,3,|1|3|,0.0757,0.0039
125,Daniel BROWN,seamless4x4,82,162,81,8,579,138,500,0,2097,751,3,no limit,4,|1|2|2|,0.012,0.0007
126,Yuchao LUO,Bing Dwen Dwen,599,1248,650,1024,14577,753,16626,5816,164004,89524,16,no limit,4682022912,|1|3|3|2|2|2|3|3|4|4|4|4|12|12|14|14|,0.808599999,0.0546
127,Kyohei KATSUTA,Unicorn,134,291,158,128,4915,779,6666,0,84164,60358,5,no limit,270,|1|5|3|3|6|,0.2165,0.0023
128,Satoshi KAMIYA,Sleipnir,83,194,112,8,1944,340,2000,9,20768,14786,3,no limit,4,|1|2|2|,0.0707,0.0003
129,Hideo KOMATSU,Shore Crab,223,514,292,8,14411,2978,18016,0,416478,339515,11,no limit,8294400,|1|2|2|3|3|5|5|8|8|12|12|,1.1619,0.0388
130,Michelle FUNG,Christmas Tree v2,71,136,66,8,655,125,722,0,3388,1935,4,no limit,48,|1|2|3|8|,0.0208,0.0018
131,Jason KU,Christmas Tree,329,736,408,128,15900,3368,17360,29,352192,309700,13,10000,5904900000000,|1|3|3|3|3|3|3|3|3|3|3|10000|10000|,1.0129,3.114900001
132,Shuki KATO,Giganotosaurus v4,832,1803,972,1024,60650,15726,64930,0,2411596,2203126,28,no limit,886429710286848000,|1|2|2|2|2|2|2|2|2|3|3|2|2|3|3|2|2|2|5|13|2|2|2|2|16|16|2240|2240|,5.453,0.7196
133,Instagram @txst_054,himeno,154,299,146,8,1628,131,1998,165,8694,3039,8,no limit,1248,|1|2|2|3|2|2|2|13|,0.055,0.0027
134,Instagram @origamiaddict95,Scorpion,445,892,448,8,22010,8074,20399,0,618459,548587,5,no limit,565504,|1|8|8|94|94|,1.2069,0.0542
135,Xiao CHEN,Lazy Tiger,62,123,62,8,735,223,594,0,5162,3569,1,no limit,1,|1|,0.0168,0
136,Kyohei KATSUTA,Owl,243,506,264,512,7854,1812,9168,0,134739,103955,3,no limit,16,|1|4|4|,0.394,0.025599999
137,Satoshi KAMIYA,Deinonychus,139,324,186,16,9441,2153,11164,0,269196,228581,3,no limit,9,|1|3|3|,0.5832,0.0037
138,Hideo KOMATSU,Cat,74,155,82,8,1385,366,1298,0,14360,10320,5,no limit,108,|1|3|3|4|3|,0.047,0.0062
139,Kota IMAI,Red Headed Centipede,1212,2525,1314,32,95943,31599,106935,0,3442393,2914354,5,no limit,2890,|1|2|5|17|17|,8.0332,0.030400001
140,Kota IMAI,Red Headed Centipede 40,733,1708,976,64,38186,8873,44797,0,723617,590912,19,no limit,54525952,|1|2|2|2|2|2|2|2|2|2|2|2|2|2|2|2|2|16|52|,1.6644,0.0174
141,Kei MORISUE,kitsune,50,92,43,8,305,30,333,0,1078,452,5,no limit,16,|1|2|2|2|2|,0.0102,0.0002
142,Jason KU,Butterfly,405,838,434,128,34034,13220,35396,91,1594444,1434584,1,no limit,1,|1|,2.9393,0.001
143,Shuki KATO,Asian Elephant,276,553,278,16,8031,1515,9522,0,124996,96632,4,10000,2180000,|1|2|109|10000|,0.3425,4.9197
144,Xiao CHEN,Bull,90,205,116,16,2674,842,2196,0,38824,32354,3,no limit,16,|1|4|4|,0.0926,0.001599999
145,Alessandro BEBER,Hexagonal Tessellation of Dodecagons #1,612,1401,790,16,3285,69,4176,585,8583,579,1,no limit,1,|1|,0.132,0.000099999
146,Kyohei KATSUTA,Lazy Cat,118,241,124,16,2582,419,3088,0,29208,19746,6,no limit,700,|1|2|2|7|5|5|,0.0909,0.004400001
147,Satoshi KAMIYA,Butterfly NS,137,310,174,16,5583,734,7865,0,96838,64097,4,no limit,126,|1|3|3|14|,0.230400001,0.0095
148,Hideo KOMATSU,Wolf,120,289,170,8,4885,949,5516,0,77960,61542,8,no limit,460512,|1|2|2|2|39|41|6|6|,0.196700001,0.009799999
149,Kota IMAI,Chilean Stag Beetle,2213,5093,2881,256,402060,93253,495304,0,31132014,28397206,10,10000,1310400000000,|1|2|2|2|2|91|3|3|10000|10000|,112.1337,15966.4955
150,Kei MORISUE,Sailor Moon,99,207,109,16,1511,117,2119,0,9699,4905,8,no limit,384,|1|3|2|2|2|4|2|2|,0.115,0.001400001
151,Jason KU,Iso-Area Throwing Star 1,64,124,61,16,712,76,796,0,3876,2212,2,no limit,256,|1|256|,0.0342,0.0346
152,Jason KU,Iso-Area Throwing Star 2,101,208,108,8,1176,104,932,532,5564,3960,5,no limit,16,|1|2|2|2|2|,0.0332,0.0017
153,Jason KU,Iso-Area Throwing Star 3,72,148,77,64,800,80,948,0,3812,1648,1,no limit,1,|1|,0.055900001,0.000099999
154,Shuki KATO,Camel,274,581,308,8,9486,1634,12410,0,161556,121450,8,no limit,256,|1|2|2|2|2|2|2|4|,0.3779,0.0021
155,Drew HESKETT,Man Bat,651,1364,714,64,35615,12385,35847,0,1215027,989426,7,no limit,14336,|1|2|2|2|2|14|64|,2.3268,0.1251
156,Xiao CHEN,Makima,75,169,95,8,1928,330,2307,0,21780,11180,6,no limit,64,|1|2|2|2|2|4|,0.0642,0.0014
157,Alessandro BEBER,Square Tessellation of Dodecagons #3,1380,3092,1713,16,6896,168,9100,976,16192,532,1,no limit,1,|1|,0.3455,0.0004
158,Kyohei KATSUTA,Sparrow,90,207,118,32,2827,830,1840,473,41925,34818,5,no limit,16,|1|2|2|2|2|,0.1033,0.0003
159,Satoshi KAMIYA,Little Bird,128,285,158,32,3863,982,3864,0,53772,38400,3,no limit,4,|1|2|2|,0.1453,0.000299999
160,Hideo KOMATSU,Little Bird,125,302,178,8,4713,1537,3600,0,74208,62268,4,no limit,12,|1|2|2|3|,0.1655,0.0013
161,Masashi TANAKA,star,1772,3752,1981,128,68972,7908,89904,0,1290844,431648,57,no limit,420576045541321037910970202666827776,|1|4|4|4|4|4|4|4|4|4|4|4|4|4|4|4|4|4|4|4|4|4|4|4|4|4|4|4|4|4|4|4|4|4|4|4|4|4|4|4|4|4|4|4|4|4|4|4|4|4|4|4|4|12|12|12|12|,3.9252,0.05
162,Kota IMAI,Carp,1464,3057,1594,8,56457,16694,60120,0,1047180,874705,40,10000,2643879594364421485363200000,|1|2|2|2|2|2|2|2|2|2|2|2|2|2|2|2|2|2|2|2|2|2|2|2|2|2|3|16|8|8|16|16|26|16|16|60|8|28|112|10000|,3.056,32.426599999
163,Kei MORISUE,Party Parrot,35,72,38,8,353,27,384,0,1667,925,3,no limit,4,|1|2|2|,0.019,0
164,Jason KU,Pleats Exponential,196,468,273,8,5694,2550,2600,312,72254,59979,9,no limit,281474976710656,|1|64|64|64|64|64|64|64|64|,0.2529,0.467900001
165,Shuki KATO,Guyver Unit III,780,1674,895,64,49904,13634,56763,0,1639306,1364914,13,no limit,44302336,|1|2|2|2|2|2|2|13|13|2|2|32|32|,3.8682,0.1154
166,Shuki KATO,Guyver Unit I,1018,2199,1182,16,59599,16856,62301,0,1691933,1411182,23,10000,618475290624000000000000000000,|1|2|2|2|2|2|2|2|2|2|2|10|10|3|3|8|8|10000|10000|1024|1024|10000|10000|,4.667299999,101.0288
167,Drew HESKETT,Desert Tessellation,298,625,328,8,1854,304,2187,0,4325,848,1,no limit,1,|1|,0.1222,0.0001
168,Xiao CHEN,Mermaid,102,220,119,8,1795,352,1888,0,15174,10980,5,no limit,16,|1|2|2|2|2|,0.054400001,0.000299999
169,Alessandro BEBER,Hexagonal Tessellation of Dodecagons #2,1101,2337,1237,8,4698,96,6153,714,10101,141,1,no limit,1,|1|,0.195,0.000299999
170,Satoshi KAMIYA,Bahamut,213,504,292,512,12838,2506,15682,102,323474,274602,1,no limit,1,|1|,0.863,0.0005
171,Hideo KOMATSU,Macaque,102,225,124,8,2694,606,2774,0,31376,23464,4,no limit,1616,|1|2|8|101|,0.0993,0.0349
172,Masashi TANAKA,irt,668,1296,629,8,9048,1904,10348,0,65352,29388,1,no limit,1,|1|,0.2529,0.000400001
173,Kota IMAI,Canabn,484,1035,552,16,23325,5261,29526,0,522402,369440,13,no limit,16384,|1|2|2|2|2|2|2|2|2|2|2|4|4|,1.1963,0.0124
174,Kei MORISUE,Steps,95,183,89,8,722,102,870,0,2883,732,4,no limit,16,|1|2|2|4|,0.0341,0.0002
175,Shuki KATO,Dragonfly,573,1183,611,64,44310,16595,45404,0,1933850,1719684,9,no limit,2304,|1|2|2|2|2|3|3|4|4|,4.036599999,0.040700001
176,Drew HESKETT,Hephaetus,851,1684,834,16,42531,15231,41826,0,1751459,1497240,12,no limit,1627776,|1|2|3|2|2|2|3|3|3|2|2|314|,3.3311,0.3698
177,Brian CHAN,Mortal Kombat Emblem,319,660,342,128,16357,6135,14398,0,454533,406271,5,no limit,24,|1|2|2|2|3|,1.0163,0.0009
178,Xiao CHEN,Teddy Bear,63,143,81,8,949,160,990,0,5610,3099,2,no limit,2112,|1|2112|,0.0348,0.1555
179,Alessandro BEBER,Rotated 3.4.6.4,633,1305,673,8,2160,63,2628,414,3243,12,1,no limit,1,|1|,0.1015,0
180,Satoshi KAMIYA,Pheonix v2.0,207,494,288,32,21000,5008,21882,0,923840,857708,5,no limit,5924356,|1|2|2|1217|1217|,2.0639,3.5761
181,Satoshi KAMIYA,Pheonix v3.0,413,896,484,256,62486,16081,74238,0,4924340,4679860,3,no limit,16,|1|4|4|,11.406900001,0.0029
182,Satoshi KAMIYA,Pheonix v3.5,315,670,356,64,32174,9954,33638,0,1666164,1556484,6,no limit,11026208,|1|2|2|2|1174|1174|,3.7195,4.06
183,Hideo KOMATSU,Panda,62,123,62,16,1043,203,1168,0,11292,8078,4,no limit,48,|1|12|2|2|,0.0466,0.0017
184,Masashi TANAKA,notitle,2032,4840,2809,16,74368,14408,86512,0,732288,541304,1,no limit,1,|1|,3.167,0.002400001
185,Kota IMAI,Jack Skellington,547,1190,644,8,39093,12847,39435,0,1341290,1097368,15,no limit,4161798144,|1|2|2|2|2|3|3|4|4|4|4|4|4|84|84|,2.72,0.0885
186,Kei MORISUE,Sus,44,82,39,8,289,41,297,0,1043,408,2,no limit,2,|1|2|,0.0146,0.000099999
187,Michelle FUNG,Heart in a House (Flat) v1,82,159,78,64,1069,283,1129,0,8827,5788,4,no limit,32,|1|2|4|4|,0.0656,0.0017
188,Boice WONG & Mark HANKE,Square Twist Samurai,1394,3068,1675,8,126574,37857,133609,0,6110616,5485555,22,no limit,25771848867627663360000,|1|2|2|2|2|2|2|2|4|5|2|4|8|16|32|105|4|20|20|6976|64|4096|,15.151,110.0675
189,Shuki KATO,Evangelion Unit 01 2009,811,1750,940,512,61070,18806,63664,0,2393476,2060058,9,no limit,122645643264,|1|2|2|6|6|128|128|228|228|,5.9302,4.2848
190,Shuki KATO,Evangelion Unit 01 2013,1314,2843,1530,8,127565,32376,149955,0,6222159,5295541,18,10000,8677600788480000,|1|2|2|2|2|2|2|2|2|2|3|2|2|37|37|403|10000|256|,15.9113,26.168099999
191,Drew HESKETT,Arrowhead Tessellation,269,488,220,8,1053,0,1529,0,1554,32,9,no limit,256,|1|2|2|2|2|2|2|2|2|,0.085,0.0002
192,Alessandro BEBER,Dodecagon^2,960,1980,1021,32,6900,288,9852,948,63852,14076,1,no limit,1,|1|,0.322099999,0.000400001
193,Brian CHAN,Spider Man,382,815,434,16,39793,10345,49166,0,2260016,2090996,1,no limit,1,|1|,4.683900001,0.0015
194,Xiao CHEN,DaJi (Â¶≤Â∑±),199,424,226,8,8753,1396,11380,0,222384,181630,4,no limit,28,|1|2|2|7|,0.5528,0.0015
195,Satoshi KAMIYA,Butterfly TH,393,819,427,64,31548,10942,33522,0,1267028,1137623,2,no limit,8,|1|8|,2.7392,0.119700001
196,Hideo KOMATSU,Giraffe,114,279,166,8,4255,989,4280,0,59300,44378,3,10000,30000,|1|3|10000|,0.160099999,1.5413
197,Kei MORISUE,Pray,63,126,64,8,697,72,894,0,4131,1647,1,no limit,1,|1|,0.0255,0.000099999
198,Kota IMAI,Cetoniinae,791,1652,862,128,65040,18430,75288,0,2705706,2273943,5,no limit,18240,|1|2|2|2|2280|,5.6735,3.3996
199,Michelle FUNG,Classic Snowman v1,199,436,238,16,4132,846,4505,0,41943,28435,8,no limit,86016,|1|2|2|8|4|4|4|42|,0.1712,0.072
200,Shuki KATO,Zoanoid Dragon v1,3876,7953,4077,64,378338,100558,481179,156,25593975,23987681,54,10000,237205718273510866944000000,|1|2|2|2|2|2|2|2|2|2|2|2|2|2|2|2|2|2|2|2|2|2|2|2|2|2|2|2|2|2|2|2|2|2|2|2|2|2|2|2|2|2|2|2|2|3|3|3|3|2|2|2040|2040|10000|,68.4612,14.9409
201,Shuki KATO,Zoanoid Dragon v2,5759,11925,6167,512,694808,175927,902255,0,55396591,51602116,66,10000,5385144351531158470656000000000000,|1|2|2|2|2|2|2|2|2|2|2|2|2|2|2|2|2|2|2|2|2|2|2|2|2|2|2|2|2|2|2|2|2|2|2|2|2|2|2|2|2|2|2|2|2|2|2|2|2|3|3|3|3|3|3|3|3|3|3|3|3|6|6|10000|10000|10000|,153.770700001,17.689599999
202,Alessandro BEBER,Hexagonal Tessellation of Dodecagons #3,1536,3285,1750,8,6528,162,8535,978,12996,129,1,no limit,1,|1|,0.3046,0.000299999
203,Mark HANKE,Archangel Michael,2610,5640,3031,8,324697,103157,346487,0,25024751,22992006,32,10000,185903996605562880000,|1|2|2|2|2|2|2|2|2|2|2|2|2|2|3|2|3|3|3|3|3|3|3|3|4|4|31|8|2|16|454|10000|,62.3444,146.0787
204,Bodo HAAG,Tiger,528,1077,550,2048,22439,4454,29038,0,544088,446723,13,no limit,173015040,|1|2|2|2|2|2|3|2|2|10|88|32|16|,2.034599999,0.3068
205,Xiao CHEN,Morgan,116,267,152,8,6424,1330,7246,0,165700,135977,5,no limit,396,|1|2|2|3|33|,0.3562,0.039200001
206,Satoshi KAMIYA,Divine Boar,131,276,146,128,4305,638,5962,0,63744,45486,3,no limit,576,|1|24|24|,0.2129,0.012400001
207,Hideo KOMATSU,Horse,93,206,114,8,2853,668,2770,0,42260,35156,5,no limit,672,|1|2|2|8|21|,0.1686,0.0632
208,Kei MORISUE,General Grievous,773,1706,933,8,71596,17480,86831,99,2938681,2524688,8,no limit,122880,|1|2|2|2|3|20|16|16|,6.686799999,0.4238
209,Kota IMAI,Whip Spider,1085,2301,1217,512,191083,70515,198037,0,19072467,18304607,5,no limit,64,|1|2|2|4|4|,51.3245,0.0195
210,Michelle FUNG,Angel v1,121,231,111,8,1105,151,1289,0,5539,2412,5,no limit,36,|1|2|2|3|3|,0.0571,0.0007
211,Bobby LUI,Rabbit,177,300,124,8,3022,1022,3828,0,41280,31520,2,no limit,112,|1|112|,0.131400001,0.061
212,Shuki KATO,Bear Cub,56,123,68,8,1334,360,1344,0,15220,11662,3,no limit,4,|1|2|2|,0.0425,0.000599999
213,Alessandro BEBER,fractal32,1716,2556,841,8,4108,0,6464,0,6116,0,1,no limit,1,|1|,0.3128,0.0002
214,Bodo HAAG,Ant,501,1023,523,16,18995,6101,17608,0,465749,401798,7,no limit,8589934592,|1|8|16|32|8|256|1024|,1.2182,3.748
215,Xiao CHEN,Miku 2021,154,340,187,8,4739,716,5820,0,62039,43710,2,10000,10000,|1|10000|,0.245700001,13.094099999
216,Satoshi KAMIYA,Minotaur,85,185,101,64,2261,373,2831,0,29195,20394,1,no limit,1,|1|,0.1023,0.0001
217,Hideo KOMATSU,Hippopotamus,193,420,228,16,5914,1441,6112,22,90140,74364,9,no limit,583200,|1|2|2|6|15|2|3|15|18|,0.2491,0.0095
218,Kei MORISUE,Tanuki,52,90,39,16,265,29,310,0,897,308,2,no limit,5,|1|5|,0.020099999,0.000900001
219,Kota IMAI,Copris Ochus,337,688,352,8,12074,3148,14400,0,243653,192511,1,no limit,1,|1|,0.5514,0.0005
220,Michelle FUNG,Portrait of an Origamist v1,130,268,139,256,2005,339,2467,0,16485,9782,3,no limit,144,|1|12|12|,0.1195,0.002
221,Winston LEE,Cardinal Tetra,150,311,162,16,6453,1087,8739,0,140196,108125,6,no limit,72,|1|2|2|2|3|3|,0.323400001,0.0009
222,Alessandro BEBER,Penrose Triangle #2,654,1692,1039,8,5733,108,7494,0,9735,894,49,no limit,281474976710656,|1|2|2|2|2|2|2|2|2|2|2|2|2|2|2|2|2|2|2|2|2|2|2|2|2|2|2|2|2|2|2|2|2|2|2|2|2|2|2|2|2|2|2|2|2|2|2|2|2|,0.233400001,0.0008
223,Bobby LUI,Discord,241,320,80,8,775,144,1470,0,3552,920,6,no limit,1184,|1|2|2|2|2|74|,0.0645,0.005299999
224,Bodo HAAG,Buff doge,107,227,121,16,2068,296,2650,0,19356,12672,3,no limit,9,|1|3|3|,0.0875,0.0102
225,Xiao CHEN,Chipmunk,135,257,123,16,1996,336,2483,0,17780,10046,5,no limit,54,|1|3|3|2|3|,0.0613,0.0004
226,Satoshi KAMIYA,Hermit Crab,140,325,186,8,5505,1575,5196,0,93058,73857,3,no limit,80,|1|2|40|,0.2713,0.0153
227,Hideo KOMATSU,Rabbit,76,171,96,8,1932,386,2108,0,22916,16512,7,no limit,64,|1|2|2|2|2|2|2|,0.0669,0.000400001
228,Kei MORISUE,seigaiha,207,424,218,16,3457,495,4556,0,24966,11628,8,no limit,48600,|1|3|3|5|5|3|3|24|,0.124,0.0322
229,Kota IMAI,Scorpion v2,774,1617,844,16,81502,28468,92069,0,4866630,4298630,1,no limit,1,|1|,10.1422,0.0031
230,Michelle FUNG,Rabbit Head v3,166,334,169,8,2371,274,3263,0,17363,6778,3,no limit,9,|1|3|3|,0.1052,0.0005
231,Alessandro BEBER,Dodecagon^3,2232,4560,2329,256,20856,1656,33156,1224,231732,100716,25,no limit,68719476736,|1|2|2|2|2|2|2|2|2|2|2|2|2|4|4|4|4|4|4|4|4|4|4|4|4|,1.3877,0.0111
232,Bobby LUI,MLG Glasses,451,786,336,8,12333,5919,11943,0,269109,217021,10,no limit,9216,|1|2|2|2|2|2|2|3|4|12|,0.5763,0.008
233,Masashi TANAKA,equalwidth,2040,4292,2253,32768,228552,69904,262536,0,12603864,11860100,15,10000,4000000000000000000000000000000000000000000000000,|1|2|2|10000|10000|10000|10000|10000|10000|10000|10000|10000|10000|10000|10000|,50.2338,524.52
234,Bodo HAAG,Dragonfly,407,822,416,16,24322,6288,29829,0,796657,638079,5,no limit,16384,|1|16|16|8|8|,2.0252,0.2105
235,Xiao CHEN,Tiny Dragon,83,174,92,8,2994,672,3282,0,58412,46404,3,no limit,4,|1|2|2|,0.1502,0.000200001
236,Satoshi KAMIYA,Crane,94,195,102,64,2355,414,3200,0,30128,20343,3,no limit,4,|1|2|2|,0.104599999,0.0002
237,Hideo KOMATSU,Tiger,129,260,132,32,3766,579,5140,0,61972,43844,5,no limit,8100,|1|15|15|6|6|,0.158900001,0.003599999
238,Kei MORISUE,Danbo,269,566,298,2048,4651,1135,4637,0,40540,27234,11,no limit,9216,|1|2|2|2|2|4|4|3|3|2|2|,0.204,0.0025
239,Kota IMAI,Squilla Mantis Shrimp,1972,4249,2278,512,201512,60674,223572,233,12001182,10752558,9,no limit,330739325337600,|1|3|3|185|185|128|128|256|256|,26.1151,1.550799999
240,Juan LANDETA,Galapagos Tortoise,282,567,286,32,7174,1282,9608,0,94010,63668,5,no limit,20736,|1|2|2|72|72|,0.3353,0.1033
241,Michelle FUNG,Amabie v2,292,601,310,8,2855,472,3481,0,12897,4182,9,no limit,1024,|1|2|2|2|2|2|2|4|4|,0.0991,0.0009
242,Alessandro BEBER,om,1362,3480,2119,8,12153,348,15858,0,21795,2706,1,no limit,1,|1|,0.493,0.0005
243,Bobby LUI,Giraffe,283,492,210,8,9037,3574,9302,0,236164,209232,8,no limit,10485760,|1|2|2|10|32|32|16|16|,0.5877,0.0645
244,Hideo KOMATSU (ORIPA Data Set),Smallbird Base,15,24,10,8,21,2,12,0,16,0,1,no limit,1,|1|,0.0035,0
245,Bodo HAAG,Batman on his Bike,1432,2919,1488,16,78853,21622,97296,0,3072510,2650480,8,no limit,5898240,|1|2|2|2|4|3|192|320|,6.8473,2.2802
246,Xiao CHEN,Surfing Girl,216,475,260,16,8054,1410,10566,43,142914,91616,6,no limit,2636064,|1|3|3|6|6|8136|,0.4034,3.1566
247,Satoshi KAMIYA,Tenma H-7,272,579,308,64,15186,4038,16806,0,500528,446950,9,no limit,831744,|1|2|2|2|2|2|2|114|114|,1.4818,0.2277
248,Hideo KOMATSU,Dog,113,258,146,8,4653,1204,4474,0,96884,84566,4,no limit,16416,|1|8|3|684|,0.390700001,1.4749
249,Kei MORISUE,Poyoyo,98,205,108,8,1332,162,1564,0,8831,3752,2,no limit,28,|1|28|,0.0522,0.0025
250,Juan LANDETA,Velociraptor,291,627,337,256,12766,2482,17486,0,280848,216875,9,no limit,2916,|1|2|2|3|3|3|3|3|3|,0.6823,0.002
251,Michelle FUNG,Kokeshi Doll v4,206,434,229,16,4194,601,5177,0,39827,26033,11,no limit,25344,|1|2|2|2|2|2|2|2|3|3|22|,0.1807,0.0056
252,Kota IMAI,Chalcosoma Chiron,669,1404,736,8,50345,18699,50446,0,2073946,1825190,6,no limit,640,|1|2|2|10|4|4|,4.0492,0.0108
253,Bobby LUI,Reddit,455,579,125,8,1332,444,3580,0,7844,3270,9,no limit,57600,|1|2|2|2|2|5|5|12|12|,0.1036,0.0062
254,Alessandro BEBER,Menger Sponge Level 2 I,5310,13938,8629,8,49518,1224,65580,0,87258,8832,1,no limit,1,|1|,2.1967,0.001700001
255,Alessandro BEBER,Menger Sponge Level 2 II,5472,14172,8701,8,50634,1764,66246,0,93054,12036,1,no limit,1,|1|,2.2268,0.0019
256,Bodo HAAG,Ladybug,407,894,488,8,19226,5356,19534,0,426689,322416,12,no limit,3583180800,|1|3|2|2|2|2|10|10|8|8|108|108|,0.93,0.2798
257,Xiao CHEN,Fairy Doll,75,178,104,8,1810,294,1970,77,19386,14730,4,no limit,48,|1|2|2|12|,0.076400001,0.010099999
258,Satoshi KAMIYA,Cait Sith,257,532,276,64,22326,7201,23122,579,1035332,950370,1,no limit,1,|1|,2.0714,0.001
259,Kei MORISUE,Father Cat,89,184,96,8,1309,138,1624,0,8857,3806,4,no limit,108,|1|3|3|12|,0.0488,0.0007
260,Kota IMAI,Lucanus Maculifemoratus,1294,2779,1486,256,168658,41281,216254,0,11457993,10090755,7,no limit,1088,|1|2|2|2|2|2|34|,25.8268,0.740400001
261,Robert LANG,Post Generic Beetle Opus 696,238,493,256,8,9807,3196,9660,0,216484,176828,7,no limit,256,|1|2|2|2|2|4|4|,0.445099999,0.0011
262,Alessandro BEBER,Square Tessellation of Dodecagons #2,1352,2955,1604,8,6240,284,6966,1840,14128,1964,5,no limit,81,|1|3|3|3|3|,0.283599999,0.0013
263,Jason KU,Angel,105,224,120,32,4788,1181,5216,0,126776,111516,2,no limit,44,|1|44|,0.4247,0.526
264,Xiao CHEN,Yu(ËôûÁæé‰∫∫),215,453,239,8,5430,1202,6160,33,70897,48774,4,no limit,1296,|1|4|18|18|,0.1996,0.0087
265,Satoshi KAMIYA,Loggerhead Sea Turtle,526,1068,543,16,13603,2427,18535,0,203009,135800,10,no limit,18432,|1|2|2|2|2|2|2|2|2|72|,0.6815,0.3392
266,Satoshi KAMIYA,Turtle,554,1136,583,256,22870,4916,29652,0,479060,381690,13,no limit,6866654577379246080,|1|2|2|2|2|6|6|40|48|488|1468|1472|5888|,1.6729,19.9157
267,Kei MORISUE,Plat,111,223,113,8,1232,116,1473,0,7014,3050,5,no limit,1248,|1|3|4|4|26|,0.053400001,0.017
268,Kota IMAI,Tarantula,605,1478,874,64,80773,26308,80020,124,4244264,3597162,2,10000,10000,|1|10000|,8.7049,55.2527
269,Alessandro BEBER,Penrose+,2436,6306,3871,8,22302,702,29154,0,40287,4758,7,no limit,64,|1|2|2|2|2|2|2|,0.876900001,0.0009
270,Jason KU,HJ Rex,350,779,430,128,20513,4499,25049,227,586729,466797,8,no limit,65536,|1|2|2|2|2|2|2|1024|,1.7723,2.6989
271,Xiao CHEN,Raccoon,105,203,99,8,1586,297,1873,0,14400,9004,6,no limit,72,|1|2|2|2|3|3|,0.058,0.0003
272,Juho K√ñNKK√ñL√Ñ & Bodo HAAG,Poser,171,353,183,8,6138,2362,5882,0,129631,104877,1,no limit,1,|1|,0.2512,0.000400001
273,Satoshi KAMIYA,Cyclomantis Metalifer,329,700,372,8,22358,5448,30104,106,836486,717772,4,no limit,8,|1|2|2|2|,1.988400001,0.012
274,Kei MORISUE,Keqing (Genshin Impact),1092,2334,1243,16,199182,39967,271939,0,19560444,18040428,19,no limit,78522089472000,|1|2|2|2|2|2|6|3|2|2|4|10|8|8|5|43|43|20|72|,52.145599999,1.040900001
275,Kota IMAI,Sushi,326,674,349,8,1962,440,1894,0,4654,1320,1,no limit,1,|1|,0.0542,0.000099999
276,Alessandro BEBER,Dodecagon^3:4,2832,5580,2749,512,21132,1620,32676,2328,231756,102372,25,no limit,68719476736,|1|2|2|2|2|2|2|2|2|2|2|2|2|4|4|4|4|4|4|4|4|4|4|4|4|,1.522599999,0.0061
277,Hyung Kyu MAENG,Camel Spider,864,1779,916,8,86018,36790,81289,0,4679544,4253595,9,no limit,36864,|1|4|4|4|4|2|2|6|6|,8.855599999,0.011400001
278,Jason KU,Crab (base),147,326,180,8,6498,1528,7988,66,143000,116122,3,no limit,4,|1|2|2|,0.3394,0.0005
279,Jason KU,Crab (shaped),1412,3125,1714,512,116073,21393,163240,150,4712238,3794625,38,10000,2710744043528045752160550134376038400000000,|1|2|2|2|2|2|2|2|2|2|2|2|3|3|2|2|8|8|8|8|66|5|5|16|16|16|16|32|32|4096|4096|2|2|256|256|320|5760|10000|,17.928900001,187.0217
280,Xiao CHEN,Lying Girl,192,419,228,8,6014,1686,6724,14,92628,67772,2,no limit,3,|1|3|,0.2257,0.0005
281,Satoshi KAMIYA,Long-Headed Locust,87,184,98,8,1195,269,1296,80,8384,5191,2,no limit,2,|1|2|,0.0408,0.0002
282,Kei MORISUE,Circus,83,175,93,8,782,286,504,0,3280,1654,7,no limit,324,|1|2|2|3|3|3|3|,0.0192,0.0006
283,Kota IMAI,Dragonfly,464,951,488,8,68208,27383,62732,0,6238172,6002498,7,no limit,729,|1|3|3|3|3|3|3|,11.4548,0.003
284,Alessandro BEBER,Sierpinski-Penrose Triangle #2,2355,6225,3871,8,21894,408,29049,0,37407,3000,7,no limit,64,|1|2|2|2|2|2|2|,0.8393,0.0009
285,Hyung Kyu MAENG,Cyclommatus Elaphus,647,1366,720,16,49844,17180,48752,0,2089294,1898742,13,no limit,18104320,|1|2|2|2|2|2|2|2|2|2|2|2|8840|,5.4933,42.2217
286,L∆∞∆°ng ƒê·ª©c M·∫°nh (ü•ï) & Kei MORISUE,Keied Keqing,608,1295,688,32,66889,16144,83175,0,4135925,3801548,17,no limit,148097773810483200,|1|2|2|2|2|2|2|2|2|6|45|45|11|4|64|4096|4128|,11.3443,23.4704
287,Jason KU,Four Leaf Clover,177,390,214,16,7688,1796,8327,254,213941,181290,5,no limit,160,|1|2|2|10|4|,0.646099999,0.0175
288,Xiao CHEN,Skating Girl,129,286,158,16,4825,1085,5080,0,79511,64177,8,no limit,11340,|1|2|2|3|3|5|7|9|,0.2067,0.0064
289,Satoshi KAMIYA,Kentrosaurus,187,464,278,8,12591,2713,14010,0,328980,264532,2,no limit,140,|1|140|,0.7863,0.2362
290,Kei MORISUE,Hand,105,214,110,16,2250,283,3173,0,25775,15475,2,no limit,4,|1|4|,0.0933,0.0006
291,Kota IMAI,Chalcosoma Caucasus,1559,3382,1824,512,246910,55934,309084,0,18322855,16352422,24,10000,39474437761995374592000000,|1|2|2|4|4|3|3|2|2|4|5|5|27|27|16|16|8|128|128|2|38|96|96|10000|,55.6922,11.4558
292,Masashi TANAKA,Aperiodic Monotile 1,26,46,21,8,86,13,81,0,178,35,1,no limit,1,|1|,0.0069,0
293,Bodo HAAG,Aperiodic Monotile 1,42,77,36,8,191,31,186,0,522,184,2,no limit,2,|1|2|,0.0089,0
294,Jason KU,Aperiodic Monotile 1,30,52,23,8,126,16,125,0,365,89,3,no limit,4,|1|2|2|,0.0069,0.0001
295,Masashi TANAKA,Aperiodic Monotile 2,28,47,20,8,98,14,82,0,258,110,3,no limit,6,|1|3|2|,0.0051,0
296,Jason KU,Aperiodic Monotile 2,26,44,19,16,107,7,128,0,307,25,3,no limit,4,|1|2|2|,0.0062,0.0001
297,Masashi TANAKA,Aperiodic Monotile 3,47,87,41,8,237,44,250,0,752,247,2,no limit,2,|1|2|,0.0081,0
298,Kei MORISUE,TIE Interceptor (Star Wars),354,759,406,8,9683,1897,12282,0,134200,88196,11,no limit,2304,|1|2|2|2|2|2|2|2|2|3|3|,0.343900001,0.0014
299,Brandon WONG,Japanese Spiny Lobster (jsl),1657,3367,1711,64,157770,60526,167060,0,12417029,11621071,7,no limit,92416,|1|2|2|76|76|2|2|,25.2199,0.0526
300,Kota IMAI,Japanese Spiny Lobster v2,4485,9865,5381,256,1011971,332497,1024238,0,134259815,127467231,41,10000,7764258044882812033724055552000000000000000000000000,|1|2|2|2|2|2|2|2|2|2|2|2|2|2|2|2|2|2|2|2|8|8|9|9|8|8|18|18|12|12|576|576|10000|10000|11|512|512|10000|10000|10000|10000|,409.4373,3826.1272
301,Akitaya et al. Box Pleating is Hard,Assigned Crossover,36,60,25,8,300,80,300,0,2300,1672,2,no limit,4,|1|4|,0.063799999,0.002
302,Akitaya et al. Box Pleating is Hard,Assigned Clause,37,67,31,8,301,33,407,0,1535,508,2,no limit,6,|1|6|,0.0109,0.0021
303,Akitaya et al. Box Pleating is Hard,Assigned Split,36,66,31,8,429,49,646,0,3375,1312,2,no limit,2,|1|2|,0.018,0.002200001
304,Akitaya et al. Box Pleating is Hard,Assigned Solvable,15419,27277,11859,8,200435,38739,299567,0,1615331,836054,2,no limit,2,|1|2|,10.0428,13.8463
305,Satoshi KAMIYA,Winged Kirin,423,898,476,128,34378,8782,46066,0,1465820,1303986,9,no limit,256,|1|2|2|2|2|2|2|2|2|,3.266599999,0.002900001
306,Hyung Kyu MAENG,Weta,1291,2752,1462,8,146137,55764,140158,0,8956607,7701813,13,10000,10871635968000000000000,|1|6|6|4|4|2|2|96|96|512|10000|10000|10000|,17.5481,164.4172
307,Kei MORISUE,Arc Trooper (Star Wars),292,627,336,32,11836,1574,16551,0,236112,166969,5,no limit,43680,|1|2|6|104|35|,0.6692,0.0366
308,Andy Dequin,Igris,2004,4299,2296,512,343620,93644,440220,0,34172216,31191013,7,10000,640000,|1|2|2|2|2|4|10000|,112.9608,704.6048
309,Xiao CHEN & Kei MORISUE,Keied Raiden Shogun,513,1108,596,32,46944,8843,64640,0,2203761,1899037,13,no limit,124416,|1|2|2|2|3|2|2|3|3|2|2|9|4|,5.1838,0.0082
310,Kota IMAI,Dorcus hopei binodulosus,1305,2840,1536,1024,153638,37071,187069,0,9601048,8630220,14,10000,2418647040000,|1|2|2|3|3|18|18|18|18|2|2|4|4|10000|,25.0387,13.3056
311,Jason KU,HJ Dragon,172,433,262,16,12579,2014,15410,384,330840,283592,8,no limit,6912,|1|2|2|2|2|3|3|48|,0.923900001,0.0207
312,Satoshi KAMIYA,Kzinssie Type 2,230,499,270,32,13925,3882,13982,0,426087,379401,1,no limit,1,|1|,1.0258,0.000599999
313,Hyung Kyu MAENG,Shrimp,683,1408,726,8,64967,26398,61296,0,3534194,3216103,2,no limit,2,|1|2|,6.5708,0.003099999
314,Minh Than,Butterfly,436,890,455,16,8006,1959,8665,0,75320,48591,14,no limit,331776,|1|2|2|3|3|2|2|2|2|2|2|2|2|36|,0.2998,0.025900001
315,Kei MORISUE,Marnie (Pokemon),48,93,46,8,455,39,556,0,2412,1282,1,no limit,1,|1|,0.0245,0.000099999
316,Akitaya et al. Box Pleating is Hard,Unassigned Clause,12,18,7,8,21,2,23,0,35,8,2,no limit,6,|1|6|,0.0025,0.000700001
317,Akitaya et al. Box Pleating is Hard,Unassigned Crossover,16,24,9,8,36,12,36,0,84,16,2,no limit,8,|1|8|,0.003,0.003599999
318,Akitaya et al. Box Pleating is Hard,Unassigned Split,11,17,7,8,21,2,25,0,35,0,2,no limit,4,|1|4|,0.0028,0.000799999
319,Akitaya et al. Box Pleating is Hard,Unassigned Solvable,3435,5665,2231,8,14286,4398,17345,0,35402,5226,2,no limit,2,|1|2|,0.6579,1.481
320,Satoshi KAMIYA,Unicorn,157,360,204,128,8354,2446,7944,0,202076,180930,3,no limit,9,|1|3|3|,0.565700001,0.0009
321,Hyung Kyu MAENG,Dicranocephalus wallichii,432,878,447,8,25743,10913,24433,0,861287,765438,2,no limit,2,|1|2|,1.7371,0.0189
322,Kei MORISUE,Cerberus (Helltaker),511,1092,582,128,52795,11571,66318,0,3171336,2861486,11,no limit,4181760,|1|2|2|2|2|11|11|2|180|3|2|,8.830900001,0.259799999
323,Brian CHAN,M.O.D.O.K.,252,542,291,32,7258,1864,7891,0,94144,69018,3,no limit,16,|1|4|4|,0.28,0.0013
324,Jacob Stebleton,Hammersley's See Saw,144,280,137,8,1144,260,1232,0,4640,1716,1,no limit,1,|1|,0.0444,0.0001
325,Bern & Hayes The Complexity of Flat Origami,Unassigned 45Àö Crossover,16,24,9,16,32,0,42,0,60,11,2,no limit,4,|1|4|,0.0046,0.000099999
326,Kota IMAI,Flying Mantis,1223,2641,1419,4096,146463,43802,170428,0,8806527,8162976,20,10000,6577192060441067520000,|1|2|2|2|3|7|2|12|12|4|4|63|2|2|81|162|78|10000|61|54|,25.4766,20.1834
327,Ivan Danny HANDOKO,Alpaca v1,85,194,110,8,2499,689,2164,0,33548,27448,10,no limit,3888,|1|2|2|2|2|3|3|3|3|3|,0.1194,0.001
328,Kei MORISUE,Useless Resistance,136,256,121,8,1209,175,1448,0,6360,2189,2,no limit,4,|1|4|,0.030400001,0
329,Hyung Kyu MAENG,Lobster,849,1780,932,8,88948,39669,77819,0,5704821,5241009,1,no limit,1,|1|,11.365099999,0.0033
330,Jason KU,F16,233,478,246,64,7821,1880,9762,139,143085,107468,3,no limit,49,|1|7|7|,0.399700001,0.009
331,William GOZALI,Condor v1,425,902,478,32,19839,3932,23714,2260,478576,344157,9,no limit,768,|1|3|2|2|2|2|2|4|2|,1.228,0.0047
332,Yuga ARISAWA,Dragon 2017,340,769,430,1024,27435,5264,36116,0,972444,819710,8,no limit,6144,|1|2|2|2|2|3|8|16|,2.399400001,0.011099999
333,Kota IMAI,Violin Beetle,486,1026,541,16,37814,13826,35614,0,1451618,1262694,7,10000,30720000,|1|2|4|3|4|32|10000|,3.6585,70.9382
334,Jared NEEDLE,Green Leaf,116,240,125,1024,3696,980,3968,0,63176,53368,3,no limit,361,|1|19|19|,0.2861,0.012
335,Kei MORISUE,Hatsune Miku,1193,2620,1428,64,216164,46214,264918,0,19377311,16270825,16,10000,88473600000000,|1|2|2|3|2|2|2|2|3|2|4|4|8|6|10000|10000|,46.3991,765.4519
336,Hyung Kyu MAENG,Mantis,1067,2224,1158,8,127881,57707,113813,0,9027939,8543637,15,no limit,16777216,|1|2|2|2|2|2|2|2|2|4|2|2|4|32|32|,17.4887,0.0546
337,Jason KU,Rabbit,97,214,118,8,2187,399,2558,0,22744,15778,2,no limit,3,|1|3|,0.083,0.0003
338,Ivan Danny HANDOKO,Mouse,83,176,94,128,766,54,800,184,2891,1382,4,no limit,16,|1|2|2|4|,0.0504,0.0011
339,Haruka HASHIMOTO,Beetle,137,286,150,8,4155,824,5262,0,62066,45627,3,no limit,4,|1|2|2|,0.158200001,0.000299999
340,Kota IMAI,new Flying Mantis,2718,6349,3632,512,524516,125142,616238,0,53252612,49036536,56,10000,22194305304483224483402354786304000000000000000000000,|1|2|2|2|2|2|2|2|2|2|2|2|2|2|2|3|3|3|3|2|2|2|2|3|3|6|6|6|3|3|3|3|3|3|3|3|2|2|3|3|3|3|3|3|10|36|36|243|243|606|606|10000|10000|10000|10000|10000|,155.1025,524.091
341,Jared NEEDLE,Bitcoin,50,96,47,8,308,17,329,0,948,233,4,no limit,80,|1|2|2|20|,0.0407,0.0043
342,Kei MORISUE,Rain Frog,282,645,364,512,10241,1807,13270,0,170476,111604,5,no limit,4100,|1|41|4|5|5|,0.5712,0.0618
343,Hyung Kyu MAENG,Orchid Mantis,449,925,477,8,29868,12571,28516,0,1112347,977575,1,no limit,1,|1|,2.159,0.0015
344,Jason KU,Lizard,129,274,146,32,3653,990,4086,16,56148,41669,2,no limit,2,|1|2|,0.1694,0.0001
345,Haruka HASHIMOTO,Ayanami Rei 3.0,542,1177,636,8,29015,7429,33431,0,802937,606056,7,no limit,256,|1|2|2|2|2|4|4|,1.9005,0.0075
346,Ivan Danny HANDOKO,BattleTank,166,355,190,32,4880,704,6684,407,69800,34724,2,no limit,5,|1|5|,0.2368,0.0028
347,Aoto MORISAWA,Raccoon,184,378,195,8,3566,593,4282,0,37131,23562,8,no limit,99072,|1|2|2|2|2|9|86|8|,0.1494,0.0125
348,Kaede NAKAMURA,Cheat Dice,81,161,81,8,535,50,608,0,1780,358,2,no limit,2,|1|2|,0.015,0.0001
349,Kei MORISUE,Umbrella 2022,131,297,167,8,5994,1483,6337,0,131285,94117,3,10000,140000,|1|14|10000|,0.372799999,10.385900001
350,Hyung Kyu MAENG,Sitophilus oryzae v2,305,612,308,8,10594,3273,11822,0,205918,153032,1,no limit,1,|1|,0.506599999,0.000400001
351,Jason KU,Three Headed Dragon,236,515,280,8,11900,3964,10544,40,306304,266612,3,no limit,254016,|1|504|504|,0.8279,1.6661
352,Haruka HASHIMOTO,Venusaur,1325,2787,1463,256,172638,40709,225594,0,12747397,11477700,18,10000,4032758016000000,|1|2|2|2|2|2|2|2|2|2|2|5|5|63|63|63|63|10000|,39.902700001,1.971299999
353,Kazuki FUKUROI,Dalmatian,200,451,252,32,7322,1384,7250,725,124939,101358,8,no limit,1152,|1|2|2|2|2|2|6|6|,0.3729,0.0031
354,Robert LANG,rings4,289,561,273,1024,2074,0,3468,0,5899,510,1,no limit,1,|1|,0.261700001,0.000299999
355,Kaede NAKAMURA,Octopus,647,1324,678,8,98451,44010,82604,0,8316184,7946382,5,no limit,324,|1|2|2|3|27|,16.5432,0.03
356,Kei MORISUE,Dodoco (Genshin Impact),124,267,144,8,2215,329,2459,0,19600,13444,7,no limit,224,|1|2|2|2|2|2|7|,0.099900001,0.0015
357,Brian CHAN,8x8 Checkerboard,1379,2746,1368,8,36240,22676,22224,280,599772,486640,13,no limit,268435456,|1|2|2|2|2|4|4|4|4|16|16|16|16|,1.4526,0.037
358,Jason KU,13 Stripes,166,319,154,16,1593,308,1499,333,8960,5312,6,no limit,800,|1|2|5|5|4|4|,0.0729,0.0041
359,Michelle FUNG,I Heart Cat v2 (base),88,165,78,16,933,105,1214,0,5932,2641,3,no limit,6,|1|2|3|,0.057,0
360,Michelle FUNG,I Heart Cat v2 (shaped),226,399,174,8,2285,336,3088,0,15022,6369,6,no limit,32,|1|2|2|2|2|2|,0.084,0.000400001
361,Robert LANG,Squaring the Circle,216,408,193,4096,1552,0,2696,0,4704,320,1,no limit,1,|1|,0.2366,0
362,Kaede NAKAMURA,Tuna,170,387,218,32,6373,1512,6536,0,123358,98900,4,no limit,400,|1|10|4|10|,0.2729,0.0059
363,Kei MORISUE,Hatoba Tsugu (Vtuber),467,1019,553,8,38580,8268,46632,0,1808734,1624035,8,no limit,1259712,|1|2|2|4|3|2|2|6561|,4.337299999,1.7093
364,Bobby LUI,Cross with hydrangea tessellation,634,1234,601,8,9098,2194,11686,0,67233,29456,9,no limit,256,|1|2|2|2|2|2|2|2|2|,0.272099999,0.0013
365,Jason KU,Nazgul v8.1,151,306,156,16,3358,666,4090,1,41376,26140,3,no limit,9,|1|3|3|,0.1469,0.0003
366,Kota IMAI,Vinegaroon v2,762,1683,922,32,118005,40261,120926,0,9192186,8578622,9,no limit,1048576,|1|2|2|2|2|16|16|16|16|,19.307299999,0.087